Workbook

Sheet How_To_Use
B1: ACRME Region Selection — WHAT-IF Analysis (Formula-Only)
B2: Driven by real Azure SKU usage (AKS-heavy, EUS2-dominant). Sources: SKU_USage (1).xlsx / SKU_USage.xlsx / sku_usage_prod_v1.xlsx
B4: WHAT THIS WORKBOOK DOES
B5: This is a what-if region-selection tool built on your REAL current usage. The uploaded files show a heavily concentrated estate (East US 2 alone ≈ 468k cores). We take the real per-region Prod / Non-Prod core allocation and DISTRIBUTE each geography's current usage evenly across its regions to form a balanced planning pool (Reserved + Quota). The ACRME weightage model then scores every region so you can see where new workload should land given today's concentration. All results are live formulas — change any input and everything recalculates.
B7: THE 'DISTRIBUTE BY GEOGRAPHY' IDEA (read this)
B8: • Current Alloc columns = your REAL usage (from the files). East US 2 is far above its geography's balanced share; West US 3 / East US are near zero.
B9: • Reserved / Quota columns = each geography's total usage distributed EVENLY across its regions = the balanced target. A region whose real alloc exceeds its balanced share shows negative free / quota headroom (over-subscribed); an under-used region shows large headroom and scores high.
B10: • The what-if answer: the engine steers new placement toward under-utilised regions and away from the concentrated ones — exactly the rebalancing signal you want.
B12: SHEET MAP
B13: 1. How_To_Use — this guide.
B14: 2. Usage_Source — the REAL aggregated usage by region (Prod / Non-Prod cores, AKS cores, subscriptions). Read-only snapshot of the uploaded files. This is the source of current usage.
B15: 3. Setup — pick Geography, SKU, VM count, optional customer-supplied Prod region, Customer ID (yellow = editable).
... B41: • PS_NonProd δ duplicates its α (baseline design-of-record). DR bootstrap / target are configurable placeholders.

Sheet Usage_Source
A1: CURRENT USAGE — SOURCE SNAPSHOT (real, from uploaded files)
A2: Aggregated from SKU_USage (1).xlsx (Total Cores). Prod = tag 'Prod'; all other tags = Non-Prod. Read-only reference.
A3: Region | B3: Geography | C3: Prod Cores | D3: Non-Prod Cores | E3: Total Cores | F3: AKS Cores | G3: Unique Subs | H3: Data Origin
A4: East US 2 | B4: US | C4: 139410 | D4: 328418 | E4: 467828 | F4: 155696 | G4: 150 | H4: real
A5: Central US | B5: US | C5: 17964 | D5: 22318 | E5: 40282 | F5: 19626 | G5: 65 | H5: real
A6: East US | B6: US | C6: 0 | D6: 34 | E6: 34 | F6: 12 | G6: 4 | H6: real
A7: West US 3 | B7: US | C7: 0 | D7: 2 | E7: 2 | F7: 0 | G7: 1 | H7: real
A8: West Europe | B8: EU | C8: 41088 | D8: 139820 | E8: 180908 | F8: 58982 | G8: 69 | H8: real
A9: North Europe | B9: EU | C9: 5448 | D9: 6944 | E9: 12392 | F9: 6000 | G9: 30 | H9: real
A10: Sweden Central | B10: EU | C10: 1632 | D10: 1760 | E10: 3392 | F10: 1696 | G10: 13 | H10: real
A11: Switzerland North | B11: EU | C11: 1216 | D11: 1312 | E11: 2528 | F11: 1264 | G11: 11 | H11: real
A12: Australia East | B12: Australia | C12: 8436 | D12: 17002 | E12: 25438 | F12: 8616 | G12: 34 | H12: real
A13: Australia Southeast | B13: Australia | C13: 1976 | D13: 2644 | E13: 4620 | F13: 2096 | G13: 14 | H13: real
A14: Southeast Asia | B14: Asia Pacific | C14: 19388 | D14: 22766 | E14: 42154 | F14: 12338 | G14: 43 | H14: real
A15: East Asia | B15: Asia Pacific | C15: 3068 | D15: 3100 | E15: 6168 | F15: 2824 | G15: 21 | H15: real
... A18: UAE North | B18: Middle East | C18: 1200 | D18: 1200 | E18: 2400 | F18: 0 | G18: 4 | H18: SYNTHETIC (no real ME usage)
A19: TOTAL (all regions) | C19: =SUM(C4:C18) | D19: =SUM(D4:D18) | E19: =SUM(E4:E18) | F19: =SUM(F4:F18)

Sheet Setup
A1: SETUP — Customer & Workload | E1: Lookup tables (do not edit)
E2: SKU | F2: vCPU/VM
A3: Geography | B3: US | E3: E16ads_v5 | F3: 16
A4: SKU | B4: E16ads_v5 | E4: E32ads_v5 | F4: 32
A5: VM count | B5: 3 | E5: E8ads_v5 | F5: 8
A6: vCPU per VM | B6: =VLOOKUP(B4,E3:F10,2,FALSE) | E6: E4ads_v5 | F6: 4
A7: Requested vCPU | B7: =B5*B6 | E7: D8ads_v5 | F7: 8
A8: Prod region (optional) | E8: D4ads_v5 | F8: 4
A9: Customer ID | B9: CUST-0042 | E9: D2ads_v5 | F9: 2
A10: Distribution model | B10: =VLOOKUP(B3,E13:G17,2,FALSE) | E10: D16ads_v5 | F10: 16
A11: DR scope geography | B11: =VLOOKUP(B3,E13:G17,3,FALSE)
E12: Geography | F12: Model | G12: DR Scope Geo
E13: US | F13: 3-region | G13: US
E14: EU | F14: 2-region | G14: EU
E15: Australia | F15: 2-region | G15: Australia
E16: Asia Pacific | F16: 2-region | G16: Asia Pacific
E17: Middle East | F17: cross-geo | G17: EU

Sheet Policy
A1: POLICY — Weights & Parameters
A2: alpha (α) — Capacity headroom | B2: 0.3
A3: beta (β) — Quota headroom | B3: 0.2
A4: gamma (γ) — Distribution fairness | B4: 0.25
A5: delta (δ) — DR readiness | B5: 0.15
A6: epsilon (ε) — Zone diversity | B6: 0.1
A7: Weight sum | B7: =SUM(B2:B6)
A8: Validation | B8: =IF(ABS(B7-1)<=0.001,"VALID","INVALID — must sum to 1.0")
A10: total_customers mode (1=Live 2=Constant 3=Manual) | B10: 1 | D10: Geography | E10: Constant
A11: Manual total_customers | B11: 300 | D11: US | E11: 150
D12: EU | E12: 90
A13: DR bootstrap qty (vCPU) | B13: 40 | D13: Australia | E13: 40
A14: DR coverage target | B14: 0.8 | D14: Asia Pacific | E14: 50
A15: Min Prod headroom (vCPU) | B15: 20 | D15: Middle East | E15: 10
A16: Min NonProd headroom (vCPU) | B16: 20
A17: Min DR headroom (vCPU) | B17: 16

Sheet Capacity_Usage
A1: DERIVED REGIONAL CAPACITY & USAGE (real Alloc + geography-distributed Reserved/Quota)
A2: Alloc / Q-Used = real usage (cores). Reserved / Quota = geography total distributed evenly across regions (balanced plan). Yellow = editable; grey = computed.
A3: Region ID | B3: Region Name | C3: Geography | D3: Model | E3: AZ | F3: Prod Reserved | G3: Prod Alloc | H3: Prod Free | I3: Prod Q-Limit | J3: Prod Q-Used | K3: Prod Q-Headroom | L3: NP Reserved | M3: NP Alloc | N3: NP Eff-Free | O3: NP Q-Limit | P3: NP Q-Used | Q3: NP Q-Headroom | R3: DR Reserved | S3: DR Free | T3: DR Coverage | U3: Cust Count
A4: eastus2 | B4: East US 2 | C4: US | D4: 3-region | E4: 3 | F4: 39344 | G4: 139410 | H4: =F4-G4 | I4: 59016 | J4: 139410 | K4: =I4-J4 | L4: 87694 | M4: 328418 | N4: 0 | O4: 131540 | P4: 328418 | Q4: =O4-P4 | R4: 19672 | S4: 16722 | T4: 0.6 | U4: 150
A5: centralus | B5: Central US | C5: US | D5: 3-region | E5: 3 | F5: 39344 | G5: 17964 | H5: =F5-G5 | I5: 59016 | J5: 17964 | K5: =I5-J5 | L5: 87694 | M5: 22318 | N5: 65376 | O5: 131540 | P5: 22318 | Q5: =O5-P5 | R5: 19672 | S5: 16722 | T5: 0.6 | U5: 65
A6: eastus | B6: East US | C6: US | D6: 3-region | E6: 3 | F6: 39344 | G6: 0 | H6: =F6-G6 | I6: 59016 | J6: 0 | K6: =I6-J6 | L6: 87694 | M6: 34 | N6: 87660 | O6: 131540 | P6: 34 | Q6: =O6-P6 | R6: 19672 | S6: 16722 | T6: 0.6 | U6: 4
A7: westus3 | B7: West US 3 | C7: US | D7: 3-region | E7: 3 | F7: 39344 | G7: 0 | H7: =F7-G7 | I7: 59016 | J7: 0 | K7: =I7-J7 | L7: 87694 | M7: 2 | N7: 87692 | O7: 131540 | P7: 2 | Q7: =O7-P7 | R7: 19672 | S7: 16722 | T7: 0.6 | U7: 1
A8: westeurope | B8: West Europe | C8: EU | D8: 2-region | E8: 3 | F8: 12346 | G8: 41088 | H8: =F8-G8 | I8: 18520 | J8: 41088 | K8: =I8-J8 | L8: 37460 | M8: 139820 | N8: 0 | O8: 56190 | P8: 139820 | Q8: =O8-P8 | R8: 6174 | S8: 5248 | T8: 0.6 | U8: 69
A9: northeurope | B9: North Europe | C9: EU | D9: 2-region | E9: 3 | F9: 12346 | G9: 5448 | H9: =F9-G9 | I9: 18520 | J9: 5448 | K9: =I9-J9 | L9: 37460 | M9: 6944 | N9: 30516 | O9: 56190 | P9: 6944 | Q9: =O9-P9 | R9: 6174 | S9: 5248 | T9: 0.6 | U9: 30
A10: swedencentral | B10: Sweden Central | C10: EU | D10: 2-region | E10: 3 | F10: 12346 | G10: 1632 | H10: =F10-G10 | I10: 18520 | J10: 1632 | K10: =I10-J10 | L10: 37460 | M10: 1760 | N10: 35700 | O10: 56190 | P10: 1760 | Q10: =O10-P10 | R10: 6174 | S10: 5248 | T10: 0.6 | U10: 13
A11: switzerlandnorth | B11: Switzerland North | C11: EU | D11: 2-region | E11: 3 | F11: 12346 | G11: 1216 | H11: =F11-G11 | I11: 18520 | J11: 1216 | K11: =I11-J11 | L11: 37460 | M11: 1312 | N11: 36148 | O11: 56190 | P11: 1312 | Q11: =O11-P11 | R11: 6174 | S11: 5248 | T11: 0.6 | U11: 11
A12: australiaeast | B12: Australia East | C12: Australia | D12: 2-region | E12: 3 | F12: 5206 | G12: 8436 | H12: =F12-G12 | I12: 7810 | J12: 8436 | K12: =I12-J12 | L12: 9824 | M12: 17002 | N12: 0 | O12: 14736 | P12: 17002 | Q12: =O12-P12 | R12: 2604 | S12: 2214 | T12: 0.6 | U12: 34
A13: australiasoutheast | B13: Australia Southeast | C13: Australia | D13: 2-region | E13: 2 | F13: 5206 | G13: 1976 | H13: =F13-G13 | I13: 7810 | J13: 1976 | K13: =I13-J13 | L13: 9824 | M13: 2644 | N13: 7180 | O13: 14736 | P13: 2644 | Q13: =O13-P13 | R13: 2604 | S13: 2214 | T13: 0.6 | U13: 14
A14: southeastasia | B14: Southeast Asia | C14: Asia Pacific | D14: 2-region | E14: 3 | F14: 7718 | G14: 19388 | H14: =F14-G14 | I14: 11578 | J14: 19388 | K14: =I14-J14 | L14: 8622 | M14: 22766 | N14: 0 | O14: 12934 | P14: 22766 | Q14: =O14-P14 | R14: 3860 | S14: 3282 | T14: 0.6 | U14: 43
A15: eastasia | B15: East Asia | C15: Asia Pacific | D15: 2-region | E15: 3 | F15: 7718 | G15: 3068 | H15: =F15-G15 | I15: 11578 | J15: 3068 | K15: =I15-J15 | L15: 8622 | M15: 3100 | N15: 5522 | O15: 12934 | P15: 3100 | Q15: =O15-P15 | R15: 3860 | S15: 3282 | T15: 0.6 | U15: 21
... A18: uaenorth | B18: UAE North | C18: Middle East | D18: cross-geo | E18: 3 | F18: 1200 | G18: 1200 | H18: =F18-G18 | I18: 1800 | J18: 1200 | K18: =I18-J18 | L18: 2568 | M18: 1200 | N18: 1368 | O18: 3852 | P18: 1200 | Q18: =O18-P18 | R18: 0 | S18: 0 | T18: 0 | U18: 4

Sheet HC_Gate
A1: HARD CONSTRAINT GATE
A3: Region | B3: Geography | C3: Req vCPU | D3: HC-3 Prod | E3: HC-3 NonProd | F3: HC-3 DR | G3: HC-6 DR Floor | H3: HC-7 DR Integ | I3: Eligible Prod | J3: Eligible NonProd | K3: Eligible DR
A4: =Capacity_Usage!B4 | B4: =Capacity_Usage!C4 | C4: =Setup!$B$7 | D4: =IF(AND(Capacity_Usage!K4>=Setup!$B$7,Capacity_Usage!K4-Setup!$B$7>=Policy!$B$15),"PASS","FAIL") | E4: =IF(AND(Capacity_Usage!N4>=Setup!$B$7,Capacity_Usage!Q4-Setup!$B$7>=Policy!$B$16),"PASS","FAIL") | F4: =IF(Capacity_Usage!S4>=Policy!$B$13,"PASS","FAIL") | G4: =IF(Capacity_Usage!S4+Capacity_Usage!N4>=Policy!$B$13,"PASS","FAIL") | H4: =IF(Capacity_Usage!P4+Setup!$B$7<=Capacity_Usage!O4-Policy!$B$13,"PASS","FAIL") | I4: =IF(D4="PASS","YES","NO") | J4: =IF(AND(E4="PASS",H4="PASS"),"YES","NO") | K4: =IF(AND(F4="PASS",G4="PASS"),"YES","NO")
A5: =Capacity_Usage!B5 | B5: =Capacity_Usage!C5 | C5: =Setup!$B$7 | D5: =IF(AND(Capacity_Usage!K5>=Setup!$B$7,Capacity_Usage!K5-Setup!$B$7>=Policy!$B$15),"PASS","FAIL") | E5: =IF(AND(Capacity_Usage!N5>=Setup!$B$7,Capacity_Usage!Q5-Setup!$B$7>=Policy!$B$16),"PASS","FAIL") | F5: =IF(Capacity_Usage!S5>=Policy!$B$13,"PASS","FAIL") | G5: =IF(Capacity_Usage!S5+Capacity_Usage!N5>=Policy!$B$13,"PASS","FAIL") | H5: =IF(Capacity_Usage!P5+Setup!$B$7<=Capacity_Usage!O5-Policy!$B$13,"PASS","FAIL") | I5: =IF(D5="PASS","YES","NO") | J5: =IF(AND(E5="PASS",H5="PASS"),"YES","NO") | K5: =IF(AND(F5="PASS",G5="PASS"),"YES","NO")
A6: =Capacity_Usage!B6 | B6: =Capacity_Usage!C6 | C6: =Setup!$B$7 | D6: =IF(AND(Capacity_Usage!K6>=Setup!$B$7,Capacity_Usage!K6-Setup!$B$7>=Policy!$B$15),"PASS","FAIL") | E6: =IF(AND(Capacity_Usage!N6>=Setup!$B$7,Capacity_Usage!Q6-Setup!$B$7>=Policy!$B$16),"PASS","FAIL") | F6: =IF(Capacity_Usage!S6>=Policy!$B$13,"PASS","FAIL") | G6: =IF(Capacity_Usage!S6+Capacity_Usage!N6>=Policy!$B$13,"PASS","FAIL") | H6: =IF(Capacity_Usage!P6+Setup!$B$7<=Capacity_Usage!O6-Policy!$B$13,"PASS","FAIL") | I6: =IF(D6="PASS","YES","NO") | J6: =IF(AND(E6="PASS",H6="PASS"),"YES","NO") | K6: =IF(AND(F6="PASS",G6="PASS"),"YES","NO")
A7: =Capacity_Usage!B7 | B7: =Capacity_Usage!C7 | C7: =Setup!$B$7 | D7: =IF(AND(Capacity_Usage!K7>=Setup!$B$7,Capacity_Usage!K7-Setup!$B$7>=Policy!$B$15),"PASS","FAIL") | E7: =IF(AND(Capacity_Usage!N7>=Setup!$B$7,Capacity_Usage!Q7-Setup!$B$7>=Policy!$B$16),"PASS","FAIL") | F7: =IF(Capacity_Usage!S7>=Policy!$B$13,"PASS","FAIL") | G7: =IF(Capacity_Usage!S7+Capacity_Usage!N7>=Policy!$B$13,"PASS","FAIL") | H7: =IF(Capacity_Usage!P7+Setup!$B$7<=Capacity_Usage!O7-Policy!$B$13,"PASS","FAIL") | I7: =IF(D7="PASS","YES","NO") | J7: =IF(AND(E7="PASS",H7="PASS"),"YES","NO") | K7: =IF(AND(F7="PASS",G7="PASS"),"YES","NO")
A8: =Capacity_Usage!B8 | B8: =Capacity_Usage!C8 | C8: =Setup!$B$7 | D8: =IF(AND(Capacity_Usage!K8>=Setup!$B$7,Capacity_Usage!K8-Setup!$B$7>=Policy!$B$15),"PASS","FAIL") | E8: =IF(AND(Capacity_Usage!N8>=Setup!$B$7,Capacity_Usage!Q8-Setup!$B$7>=Policy!$B$16),"PASS","FAIL") | F8: =IF(Capacity_Usage!S8>=Policy!$B$13,"PASS","FAIL") | G8: =IF(Capacity_Usage!S8+Capacity_Usage!N8>=Policy!$B$13,"PASS","FAIL") | H8: =IF(Capacity_Usage!P8+Setup!$B$7<=Capacity_Usage!O8-Policy!$B$13,"PASS","FAIL") | I8: =IF(D8="PASS","YES","NO") | J8: =IF(AND(E8="PASS",H8="PASS"),"YES","NO") | K8: =IF(AND(F8="PASS",G8="PASS"),"YES","NO")
A9: =Capacity_Usage!B9 | B9: =Capacity_Usage!C9 | C9: =Setup!$B$7 | D9: =IF(AND(Capacity_Usage!K9>=Setup!$B$7,Capacity_Usage!K9-Setup!$B$7>=Policy!$B$15),"PASS","FAIL") | E9: =IF(AND(Capacity_Usage!N9>=Setup!$B$7,Capacity_Usage!Q9-Setup!$B$7>=Policy!$B$16),"PASS","FAIL") | F9: =IF(Capacity_Usage!S9>=Policy!$B$13,"PASS","FAIL") | G9: =IF(Capacity_Usage!S9+Capacity_Usage!N9>=Policy!$B$13,"PASS","FAIL") | H9: =IF(Capacity_Usage!P9+Setup!$B$7<=Capacity_Usage!O9-Policy!$B$13,"PASS","FAIL") | I9: =IF(D9="PASS","YES","NO") | J9: =IF(AND(E9="PASS",H9="PASS"),"YES","NO") | K9: =IF(AND(F9="PASS",G9="PASS"),"YES","NO")
A10: =Capacity_Usage!B10 | B10: =Capacity_Usage!C10 | C10: =Setup!$B$7 | D10: =IF(AND(Capacity_Usage!K10>=Setup!$B$7,Capacity_Usage!K10-Setup!$B$7>=Policy!$B$15),"PASS","FAIL") | E10: =IF(AND(Capacity_Usage!N10>=Setup!$B$7,Capacity_Usage!Q10-Setup!$B$7>=Policy!$B$16),"PASS","FAIL") | F10: =IF(Capacity_Usage!S10>=Policy!$B$13,"PASS","FAIL") | G10: =IF(Capacity_Usage!S10+Capacity_Usage!N10>=Policy!$B$13,"PASS","FAIL") | H10: =IF(Capacity_Usage!P10+Setup!$B$7<=Capacity_Usage!O10-Policy!$B$13,"PASS","FAIL") | I10: =IF(D10="PASS","YES","NO") | J10: =IF(AND(E10="PASS",H10="PASS"),"YES","NO") | K10: =IF(AND(F10="PASS",G10="PASS"),"YES","NO")
A11: =Capacity_Usage!B11 | B11: =Capacity_Usage!C11 | C11: =Setup!$B$7 | D11: =IF(AND(Capacity_Usage!K11>=Setup!$B$7,Capacity_Usage!K11-Setup!$B$7>=Policy!$B$15),"PASS","FAIL") | E11: =IF(AND(Capacity_Usage!N11>=Setup!$B$7,Capacity_Usage!Q11-Setup!$B$7>=Policy!$B$16),"PASS","FAIL") | F11: =IF(Capacity_Usage!S11>=Policy!$B$13,"PASS","FAIL") | G11: =IF(Capacity_Usage!S11+Capacity_Usage!N11>=Policy!$B$13,"PASS","FAIL") | H11: =IF(Capacity_Usage!P11+Setup!$B$7<=Capacity_Usage!O11-Policy!$B$13,"PASS","FAIL") | I11: =IF(D11="PASS","YES","NO") | J11: =IF(AND(E11="PASS",H11="PASS"),"YES","NO") | K11: =IF(AND(F11="PASS",G11="PASS"),"YES","NO")
A12: =Capacity_Usage!B12 | B12: =Capacity_Usage!C12 | C12: =Setup!$B$7 | D12: =IF(AND(Capacity_Usage!K12>=Setup!$B$7,Capacity_Usage!K12-Setup!$B$7>=Policy!$B$15),"PASS","FAIL") | E12: =IF(AND(Capacity_Usage!N12>=Setup!$B$7,Capacity_Usage!Q12-Setup!$B$7>=Policy!$B$16),"PASS","FAIL") | F12: =IF(Capacity_Usage!S12>=Policy!$B$13,"PASS","FAIL") | G12: =IF(Capacity_Usage!S12+Capacity_Usage!N12>=Policy!$B$13,"PASS","FAIL") | H12: =IF(Capacity_Usage!P12+Setup!$B$7<=Capacity_Usage!O12-Policy!$B$13,"PASS","FAIL") | I12: =IF(D12="PASS","YES","NO") | J12: =IF(AND(E12="PASS",H12="PASS"),"YES","NO") | K12: =IF(AND(F12="PASS",G12="PASS"),"YES","NO")
A13: =Capacity_Usage!B13 | B13: =Capacity_Usage!C13 | C13: =Setup!$B$7 | D13: =IF(AND(Capacity_Usage!K13>=Setup!$B$7,Capacity_Usage!K13-Setup!$B$7>=Policy!$B$15),"PASS","FAIL") | E13: =IF(AND(Capacity_Usage!N13>=Setup!$B$7,Capacity_Usage!Q13-Setup!$B$7>=Policy!$B$16),"PASS","FAIL") | F13: =IF(Capacity_Usage!S13>=Policy!$B$13,"PASS","FAIL") | G13: =IF(Capacity_Usage!S13+Capacity_Usage!N13>=Policy!$B$13,"PASS","FAIL") | H13: =IF(Capacity_Usage!P13+Setup!$B$7<=Capacity_Usage!O13-Policy!$B$13,"PASS","FAIL") | I13: =IF(D13="PASS","YES","NO") | J13: =IF(AND(E13="PASS",H13="PASS"),"YES","NO") | K13: =IF(AND(F13="PASS",G13="PASS"),"YES","NO")
A14: =Capacity_Usage!B14 | B14: =Capacity_Usage!C14 | C14: =Setup!$B$7 | D14: =IF(AND(Capacity_Usage!K14>=Setup!$B$7,Capacity_Usage!K14-Setup!$B$7>=Policy!$B$15),"PASS","FAIL") | E14: =IF(AND(Capacity_Usage!N14>=Setup!$B$7,Capacity_Usage!Q14-Setup!$B$7>=Policy!$B$16),"PASS","FAIL") | F14: =IF(Capacity_Usage!S14>=Policy!$B$13,"PASS","FAIL") | G14: =IF(Capacity_Usage!S14+Capacity_Usage!N14>=Policy!$B$13,"PASS","FAIL") | H14: =IF(Capacity_Usage!P14+Setup!$B$7<=Capacity_Usage!O14-Policy!$B$13,"PASS","FAIL") | I14: =IF(D14="PASS","YES","NO") | J14: =IF(AND(E14="PASS",H14="PASS"),"YES","NO") | K14: =IF(AND(F14="PASS",G14="PASS"),"YES","NO")
A15: =Capacity_Usage!B15 | B15: =Capacity_Usage!C15 | C15: =Setup!$B$7 | D15: =IF(AND(Capacity_Usage!K15>=Setup!$B$7,Capacity_Usage!K15-Setup!$B$7>=Policy!$B$15),"PASS","FAIL") | E15: =IF(AND(Capacity_Usage!N15>=Setup!$B$7,Capacity_Usage!Q15-Setup!$B$7>=Policy!$B$16),"PASS","FAIL") | F15: =IF(Capacity_Usage!S15>=Policy!$B$13,"PASS","FAIL") | G15: =IF(Capacity_Usage!S15+Capacity_Usage!N15>=Policy!$B$13,"PASS","FAIL") | H15: =IF(Capacity_Usage!P15+Setup!$B$7<=Capacity_Usage!O15-Policy!$B$13,"PASS","FAIL") | I15: =IF(D15="PASS","YES","NO") | J15: =IF(AND(E15="PASS",H15="PASS"),"YES","NO") | K15: =IF(AND(F15="PASS",G15="PASS"),"YES","NO")
... A18: =Capacity_Usage!B18 | B18: =Capacity_Usage!C18 | C18: =Setup!$B$7 | D18: =IF(AND(Capacity_Usage!K18>=Setup!$B$7,Capacity_Usage!K18-Setup!$B$7>=Policy!$B$15),"PASS","FAIL") | E18: =IF(AND(Capacity_Usage!N18>=Setup!$B$7,Capacity_Usage!Q18-Setup!$B$7>=Policy!$B$16),"PASS","FAIL") | F18: =IF(Capacity_Usage!S18>=Policy!$B$13,"PASS","FAIL") | G18: =IF(Capacity_Usage!S18+Capacity_Usage!N18>=Policy!$B$13,"PASS","FAIL") | H18: =IF(Capacity_Usage!P18+Setup!$B$7<=Capacity_Usage!O18-Policy!$B$13,"PASS","FAIL") | I18: =IF(D18="PASS","YES","NO") | J18: =IF(AND(E18="PASS",H18="PASS"),"YES","NO") | K18: =IF(AND(F18="PASS",G18="PASS"),"YES","NO")

Sheet Scoring_Prod
A1: PS_Prod — Production Placement Score | S1: PROD WINNER
S2: Selection mode | T2: =IF(Setup!$B$8="","Engine argmax","Customer-supplied")
A3: Region | B3: Geography | C3: InScope | D3: Eligible | E3: total_cust | F3: α_raw | G3: α_c | H3: β_raw | I3: β_c | J3: γ_raw | K3: γ_c | L3: δ_raw | M3: δ_c | N3: ε_raw | O3: ε_c | P3: PS | Q3: Candidate | S3: Region | T3: =IF(Setup!$B$8<>"",Setup!$B$8,IF(MAX(Q4:Q18)<0,"NONE ELIGIBLE",INDEX(A4:A18,MATCH(MAX(Q4:Q18),Q4:Q18,0))))
A4: =Capacity_Usage!B4 | B4: =Capacity_Usage!C4 | C4: =IF(Capacity_Usage!C4=Setup!$B$3,1,0) | D4: =IF(HC_Gate!I4="YES",1,0) | E4: =IF(Policy!$B$10=1,SUMIFS(Capacity_Usage!$U$4:$U$18,Capacity_Usage!$C$4:$C$18,Capacity_Usage!C4),IF(Policy!$B$10=2,VLOOKUP(Capacity_Usage!C4,Policy!$D$11:$E$15,2,FALSE),Policy!$B$11)) | F4: =IFERROR(Capacity_Usage!N4/Capacity_Usage!F4,0) | G4: =MIN(MAX(F4,0),1) | H4: =IFERROR(Capacity_Usage!K4/Capacity_Usage!I4,0) | I4: =MIN(MAX(H4,0),1) | J4: =IFERROR(1-Capacity_Usage!U4/E4,0) | K4: =MIN(MAX(J4,0),1) | L4: =IFERROR(Capacity_Usage!T4,0) | M4: =MIN(MAX(L4,0),1) | N4: =Capacity_Usage!E4/3 | O4: =MIN(MAX(N4,0),1) | P4: =Policy!$B$2*G4+Policy!$B$3*I4+Policy!$B$4*K4+Policy!$B$5*M4+Policy!$B$6*O4 | Q4: =IF(AND(C4=1,D4=1),P4,-1) | S4: Score | T4: =IF(Setup!$B$8<>"",INDEX(P4:P18,MATCH(Setup!$B$8,A4:A18,0)),IF(MAX(Q4:Q18)<0,"",MAX(Q4:Q18)))
A5: =Capacity_Usage!B5 | B5: =Capacity_Usage!C5 | C5: =IF(Capacity_Usage!C5=Setup!$B$3,1,0) | D5: =IF(HC_Gate!I5="YES",1,0) | E5: =IF(Policy!$B$10=1,SUMIFS(Capacity_Usage!$U$4:$U$18,Capacity_Usage!$C$4:$C$18,Capacity_Usage!C5),IF(Policy!$B$10=2,VLOOKUP(Capacity_Usage!C5,Policy!$D$11:$E$15,2,FALSE),Policy!$B$11)) | F5: =IFERROR(Capacity_Usage!N5/Capacity_Usage!F5,0) | G5: =MIN(MAX(F5,0),1) | H5: =IFERROR(Capacity_Usage!K5/Capacity_Usage!I5,0) | I5: =MIN(MAX(H5,0),1) | J5: =IFERROR(1-Capacity_Usage!U5/E5,0) | K5: =MIN(MAX(J5,0),1) | L5: =IFERROR(Capacity_Usage!T5,0) | M5: =MIN(MAX(L5,0),1) | N5: =Capacity_Usage!E5/3 | O5: =MIN(MAX(N5,0),1) | P5: =Policy!$B$2*G5+Policy!$B$3*I5+Policy!$B$4*K5+Policy!$B$5*M5+Policy!$B$6*O5 | Q5: =IF(AND(C5=1,D5=1),P5,-1)
A6: =Capacity_Usage!B6 | B6: =Capacity_Usage!C6 | C6: =IF(Capacity_Usage!C6=Setup!$B$3,1,0) | D6: =IF(HC_Gate!I6="YES",1,0) | E6: =IF(Policy!$B$10=1,SUMIFS(Capacity_Usage!$U$4:$U$18,Capacity_Usage!$C$4:$C$18,Capacity_Usage!C6),IF(Policy!$B$10=2,VLOOKUP(Capacity_Usage!C6,Policy!$D$11:$E$15,2,FALSE),Policy!$B$11)) | F6: =IFERROR(Capacity_Usage!N6/Capacity_Usage!F6,0) | G6: =MIN(MAX(F6,0),1) | H6: =IFERROR(Capacity_Usage!K6/Capacity_Usage!I6,0) | I6: =MIN(MAX(H6,0),1) | J6: =IFERROR(1-Capacity_Usage!U6/E6,0) | K6: =MIN(MAX(J6,0),1) | L6: =IFERROR(Capacity_Usage!T6,0) | M6: =MIN(MAX(L6,0),1) | N6: =Capacity_Usage!E6/3 | O6: =MIN(MAX(N6,0),1) | P6: =Policy!$B$2*G6+Policy!$B$3*I6+Policy!$B$4*K6+Policy!$B$5*M6+Policy!$B$6*O6 | Q6: =IF(AND(C6=1,D6=1),P6,-1)
A7: =Capacity_Usage!B7 | B7: =Capacity_Usage!C7 | C7: =IF(Capacity_Usage!C7=Setup!$B$3,1,0) | D7: =IF(HC_Gate!I7="YES",1,0) | E7: =IF(Policy!$B$10=1,SUMIFS(Capacity_Usage!$U$4:$U$18,Capacity_Usage!$C$4:$C$18,Capacity_Usage!C7),IF(Policy!$B$10=2,VLOOKUP(Capacity_Usage!C7,Policy!$D$11:$E$15,2,FALSE),Policy!$B$11)) | F7: =IFERROR(Capacity_Usage!N7/Capacity_Usage!F7,0) | G7: =MIN(MAX(F7,0),1) | H7: =IFERROR(Capacity_Usage!K7/Capacity_Usage!I7,0) | I7: =MIN(MAX(H7,0),1) | J7: =IFERROR(1-Capacity_Usage!U7/E7,0) | K7: =MIN(MAX(J7,0),1) | L7: =IFERROR(Capacity_Usage!T7,0) | M7: =MIN(MAX(L7,0),1) | N7: =Capacity_Usage!E7/3 | O7: =MIN(MAX(N7,0),1) | P7: =Policy!$B$2*G7+Policy!$B$3*I7+Policy!$B$4*K7+Policy!$B$5*M7+Policy!$B$6*O7 | Q7: =IF(AND(C7=1,D7=1),P7,-1)
A8: =Capacity_Usage!B8 | B8: =Capacity_Usage!C8 | C8: =IF(Capacity_Usage!C8=Setup!$B$3,1,0) | D8: =IF(HC_Gate!I8="YES",1,0) | E8: =IF(Policy!$B$10=1,SUMIFS(Capacity_Usage!$U$4:$U$18,Capacity_Usage!$C$4:$C$18,Capacity_Usage!C8),IF(Policy!$B$10=2,VLOOKUP(Capacity_Usage!C8,Policy!$D$11:$E$15,2,FALSE),Policy!$B$11)) | F8: =IFERROR(Capacity_Usage!N8/Capacity_Usage!F8,0) | G8: =MIN(MAX(F8,0),1) | H8: =IFERROR(Capacity_Usage!K8/Capacity_Usage!I8,0) | I8: =MIN(MAX(H8,0),1) | J8: =IFERROR(1-Capacity_Usage!U8/E8,0) | K8: =MIN(MAX(J8,0),1) | L8: =IFERROR(Capacity_Usage!T8,0) | M8: =MIN(MAX(L8,0),1) | N8: =Capacity_Usage!E8/3 | O8: =MIN(MAX(N8,0),1) | P8: =Policy!$B$2*G8+Policy!$B$3*I8+Policy!$B$4*K8+Policy!$B$5*M8+Policy!$B$6*O8 | Q8: =IF(AND(C8=1,D8=1),P8,-1)
A9: =Capacity_Usage!B9 | B9: =Capacity_Usage!C9 | C9: =IF(Capacity_Usage!C9=Setup!$B$3,1,0) | D9: =IF(HC_Gate!I9="YES",1,0) | E9: =IF(Policy!$B$10=1,SUMIFS(Capacity_Usage!$U$4:$U$18,Capacity_Usage!$C$4:$C$18,Capacity_Usage!C9),IF(Policy!$B$10=2,VLOOKUP(Capacity_Usage!C9,Policy!$D$11:$E$15,2,FALSE),Policy!$B$11)) | F9: =IFERROR(Capacity_Usage!N9/Capacity_Usage!F9,0) | G9: =MIN(MAX(F9,0),1) | H9: =IFERROR(Capacity_Usage!K9/Capacity_Usage!I9,0) | I9: =MIN(MAX(H9,0),1) | J9: =IFERROR(1-Capacity_Usage!U9/E9,0) | K9: =MIN(MAX(J9,0),1) | L9: =IFERROR(Capacity_Usage!T9,0) | M9: =MIN(MAX(L9,0),1) | N9: =Capacity_Usage!E9/3 | O9: =MIN(MAX(N9,0),1) | P9: =Policy!$B$2*G9+Policy!$B$3*I9+Policy!$B$4*K9+Policy!$B$5*M9+Policy!$B$6*O9 | Q9: =IF(AND(C9=1,D9=1),P9,-1)
A10: =Capacity_Usage!B10 | B10: =Capacity_Usage!C10 | C10: =IF(Capacity_Usage!C10=Setup!$B$3,1,0) | D10: =IF(HC_Gate!I10="YES",1,0) | E10: =IF(Policy!$B$10=1,SUMIFS(Capacity_Usage!$U$4:$U$18,Capacity_Usage!$C$4:$C$18,Capacity_Usage!C10),IF(Policy!$B$10=2,VLOOKUP(Capacity_Usage!C10,Policy!$D$11:$E$15,2,FALSE),Policy!$B$11)) | F10: =IFERROR(Capacity_Usage!N10/Capacity_Usage!F10,0) | G10: =MIN(MAX(F10,0),1) | H10: =IFERROR(Capacity_Usage!K10/Capacity_Usage!I10,0) | I10: =MIN(MAX(H10,0),1) | J10: =IFERROR(1-Capacity_Usage!U10/E10,0) | K10: =MIN(MAX(J10,0),1) | L10: =IFERROR(Capacity_Usage!T10,0) | M10: =MIN(MAX(L10,0),1) | N10: =Capacity_Usage!E10/3 | O10: =MIN(MAX(N10,0),1) | P10: =Policy!$B$2*G10+Policy!$B$3*I10+Policy!$B$4*K10+Policy!$B$5*M10+Policy!$B$6*O10 | Q10: =IF(AND(C10=1,D10=1),P10,-1)
A11: =Capacity_Usage!B11 | B11: =Capacity_Usage!C11 | C11: =IF(Capacity_Usage!C11=Setup!$B$3,1,0) | D11: =IF(HC_Gate!I11="YES",1,0) | E11: =IF(Policy!$B$10=1,SUMIFS(Capacity_Usage!$U$4:$U$18,Capacity_Usage!$C$4:$C$18,Capacity_Usage!C11),IF(Policy!$B$10=2,VLOOKUP(Capacity_Usage!C11,Policy!$D$11:$E$15,2,FALSE),Policy!$B$11)) | F11: =IFERROR(Capacity_Usage!N11/Capacity_Usage!F11,0) | G11: =MIN(MAX(F11,0),1) | H11: =IFERROR(Capacity_Usage!K11/Capacity_Usage!I11,0) | I11: =MIN(MAX(H11,0),1) | J11: =IFERROR(1-Capacity_Usage!U11/E11,0) | K11: =MIN(MAX(J11,0),1) | L11: =IFERROR(Capacity_Usage!T11,0) | M11: =MIN(MAX(L11,0),1) | N11: =Capacity_Usage!E11/3 | O11: =MIN(MAX(N11,0),1) | P11: =Policy!$B$2*G11+Policy!$B$3*I11+Policy!$B$4*K11+Policy!$B$5*M11+Policy!$B$6*O11 | Q11: =IF(AND(C11=1,D11=1),P11,-1)
A12: =Capacity_Usage!B12 | B12: =Capacity_Usage!C12 | C12: =IF(Capacity_Usage!C12=Setup!$B$3,1,0) | D12: =IF(HC_Gate!I12="YES",1,0) | E12: =IF(Policy!$B$10=1,SUMIFS(Capacity_Usage!$U$4:$U$18,Capacity_Usage!$C$4:$C$18,Capacity_Usage!C12),IF(Policy!$B$10=2,VLOOKUP(Capacity_Usage!C12,Policy!$D$11:$E$15,2,FALSE),Policy!$B$11)) | F12: =IFERROR(Capacity_Usage!N12/Capacity_Usage!F12,0) | G12: =MIN(MAX(F12,0),1) | H12: =IFERROR(Capacity_Usage!K12/Capacity_Usage!I12,0) | I12: =MIN(MAX(H12,0),1) | J12: =IFERROR(1-Capacity_Usage!U12/E12,0) | K12: =MIN(MAX(J12,0),1) | L12: =IFERROR(Capacity_Usage!T12,0) | M12: =MIN(MAX(L12,0),1) | N12: =Capacity_Usage!E12/3 | O12: =MIN(MAX(N12,0),1) | P12: =Policy!$B$2*G12+Policy!$B$3*I12+Policy!$B$4*K12+Policy!$B$5*M12+Policy!$B$6*O12 | Q12: =IF(AND(C12=1,D12=1),P12,-1)
A13: =Capacity_Usage!B13 | B13: =Capacity_Usage!C13 | C13: =IF(Capacity_Usage!C13=Setup!$B$3,1,0) | D13: =IF(HC_Gate!I13="YES",1,0) | E13: =IF(Policy!$B$10=1,SUMIFS(Capacity_Usage!$U$4:$U$18,Capacity_Usage!$C$4:$C$18,Capacity_Usage!C13),IF(Policy!$B$10=2,VLOOKUP(Capacity_Usage!C13,Policy!$D$11:$E$15,2,FALSE),Policy!$B$11)) | F13: =IFERROR(Capacity_Usage!N13/Capacity_Usage!F13,0) | G13: =MIN(MAX(F13,0),1) | H13: =IFERROR(Capacity_Usage!K13/Capacity_Usage!I13,0) | I13: =MIN(MAX(H13,0),1) | J13: =IFERROR(1-Capacity_Usage!U13/E13,0) | K13: =MIN(MAX(J13,0),1) | L13: =IFERROR(Capacity_Usage!T13,0) | M13: =MIN(MAX(L13,0),1) | N13: =Capacity_Usage!E13/3 | O13: =MIN(MAX(N13,0),1) | P13: =Policy!$B$2*G13+Policy!$B$3*I13+Policy!$B$4*K13+Policy!$B$5*M13+Policy!$B$6*O13 | Q13: =IF(AND(C13=1,D13=1),P13,-1)
A14: =Capacity_Usage!B14 | B14: =Capacity_Usage!C14 | C14: =IF(Capacity_Usage!C14=Setup!$B$3,1,0) | D14: =IF(HC_Gate!I14="YES",1,0) | E14: =IF(Policy!$B$10=1,SUMIFS(Capacity_Usage!$U$4:$U$18,Capacity_Usage!$C$4:$C$18,Capacity_Usage!C14),IF(Policy!$B$10=2,VLOOKUP(Capacity_Usage!C14,Policy!$D$11:$E$15,2,FALSE),Policy!$B$11)) | F14: =IFERROR(Capacity_Usage!N14/Capacity_Usage!F14,0) | G14: =MIN(MAX(F14,0),1) | H14: =IFERROR(Capacity_Usage!K14/Capacity_Usage!I14,0) | I14: =MIN(MAX(H14,0),1) | J14: =IFERROR(1-Capacity_Usage!U14/E14,0) | K14: =MIN(MAX(J14,0),1) | L14: =IFERROR(Capacity_Usage!T14,0) | M14: =MIN(MAX(L14,0),1) | N14: =Capacity_Usage!E14/3 | O14: =MIN(MAX(N14,0),1) | P14: =Policy!$B$2*G14+Policy!$B$3*I14+Policy!$B$4*K14+Policy!$B$5*M14+Policy!$B$6*O14 | Q14: =IF(AND(C14=1,D14=1),P14,-1)
A15: =Capacity_Usage!B15 | B15: =Capacity_Usage!C15 | C15: =IF(Capacity_Usage!C15=Setup!$B$3,1,0) | D15: =IF(HC_Gate!I15="YES",1,0) | E15: =IF(Policy!$B$10=1,SUMIFS(Capacity_Usage!$U$4:$U$18,Capacity_Usage!$C$4:$C$18,Capacity_Usage!C15),IF(Policy!$B$10=2,VLOOKUP(Capacity_Usage!C15,Policy!$D$11:$E$15,2,FALSE),Policy!$B$11)) | F15: =IFERROR(Capacity_Usage!N15/Capacity_Usage!F15,0) | G15: =MIN(MAX(F15,0),1) | H15: =IFERROR(Capacity_Usage!K15/Capacity_Usage!I15,0) | I15: =MIN(MAX(H15,0),1) | J15: =IFERROR(1-Capacity_Usage!U15/E15,0) | K15: =MIN(MAX(J15,0),1) | L15: =IFERROR(Capacity_Usage!T15,0) | M15: =MIN(MAX(L15,0),1) | N15: =Capacity_Usage!E15/3 | O15: =MIN(MAX(N15,0),1) | P15: =Policy!$B$2*G15+Policy!$B$3*I15+Policy!$B$4*K15+Policy!$B$5*M15+Policy!$B$6*O15 | Q15: =IF(AND(C15=1,D15=1),P15,-1)
A16: =Capacity_Usage!B16 | B16: =Capacity_Usage!C16 | C16: =IF(Capacity_Usage!C16=Setup!$B$3,1,0) | D16: =IF(HC_Gate!I16="YES",1,0) | E16: =IF(Policy!$B$10=1,SUMIFS(Capacity_Usage!$U$4:$U$18,Capacity_Usage!$C$4:$C$18,Capacity_Usage!C16),IF(Policy!$B$10=2,VLOOKUP(Capacity_Usage!C16,Policy!$D$11:$E$15,2,FALSE),Policy!$B$11)) | F16: =IFERROR(Capacity_Usage!N16/Capacity_Usage!F16,0) | G16: =MIN(MAX(F16,0),1) | H16: =IFERROR(Capacity_Usage!K16/Capacity_Usage!I16,0) | I16: =MIN(MAX(H16,0),1) | J16: =IFERROR(1-Capacity_Usage!U16/E16,0) | K16: =MIN(MAX(J16,0),1) | L16: =IFERROR(Capacity_Usage!T16,0) | M16: =MIN(MAX(L16,0),1) | N16: =Capacity_Usage!E16/3 | O16: =MIN(MAX(N16,0),1) | P16: =Policy!$B$2*G16+Policy!$B$3*I16+Policy!$B$4*K16+Policy!$B$5*M16+Policy!$B$6*O16 | Q16: =IF(AND(C16=1,D16=1),P16,-1)
... A18: =Capacity_Usage!B18 | B18: =Capacity_Usage!C18 | C18: =IF(Capacity_Usage!C18=Setup!$B$3,1,0) | D18: =IF(HC_Gate!I18="YES",1,0) | E18: =IF(Policy!$B$10=1,SUMIFS(Capacity_Usage!$U$4:$U$18,Capacity_Usage!$C$4:$C$18,Capacity_Usage!C18),IF(Policy!$B$10=2,VLOOKUP(Capacity_Usage!C18,Policy!$D$11:$E$15,2,FALSE),Policy!$B$11)) | F18: =IFERROR(Capacity_Usage!N18/Capacity_Usage!F18,0) | G18: =MIN(MAX(F18,0),1) | H18: =IFERROR(Capacity_Usage!K18/Capacity_Usage!I18,0) | I18: =MIN(MAX(H18,0),1) | J18: =IFERROR(1-Capacity_Usage!U18/E18,0) | K18: =MIN(MAX(J18,0),1) | L18: =IFERROR(Capacity_Usage!T18,0) | M18: =MIN(MAX(L18,0),1) | N18: =Capacity_Usage!E18/3 | O18: =MIN(MAX(N18,0),1) | P18: =Policy!$B$2*G18+Policy!$B$3*I18+Policy!$B$4*K18+Policy!$B$5*M18+Policy!$B$6*O18 | Q18: =IF(AND(C18=1,D18=1),P18,-1)

Sheet Scoring_CVAL
A1: PS_NonProd — CVAL Placement Score (δ duplicates α — known design gap) | S1: CVAL WINNER
S2: Region | T2: =IF(Setup!$B$3="Middle East",Scoring_Prod!$T$3,IF(MAX(Q4:Q18)<0,"NONE ELIGIBLE",INDEX(A4:A18,MATCH(MAX(Q4:Q18),Q4:Q18,0))))
A3: Region | B3: Geography | C3: InScope | D3: Eligible | E3: total_cust | F3: α_raw | G3: α_c | H3: β_raw | I3: β_c | J3: γ_raw | K3: γ_c | L3: δ_raw | M3: δ_c | N3: ε_raw | O3: ε_c | P3: PS | Q3: Candidate | S3: Score | T3: =IF(Setup!$B$3="Middle East",Scoring_Prod!$T$4,IF(MAX(Q4:Q18)<0,"",MAX(Q4:Q18)))
A4: =Capacity_Usage!B4 | B4: =Capacity_Usage!C4 | C4: =IF(Capacity_Usage!C4=Setup!$B$3,1,0) | D4: =IF(HC_Gate!J4="YES",1,0) | E4: =IF(Policy!$B$10=1,SUMIFS(Capacity_Usage!$U$4:$U$18,Capacity_Usage!$C$4:$C$18,Capacity_Usage!C4),IF(Policy!$B$10=2,VLOOKUP(Capacity_Usage!C4,Policy!$D$11:$E$15,2,FALSE),Policy!$B$11)) | F4: =IFERROR(Capacity_Usage!N4/Capacity_Usage!L4,0) | G4: =MIN(MAX(F4,0),1) | H4: =IFERROR(Capacity_Usage!Q4/Capacity_Usage!O4,0) | I4: =MIN(MAX(H4,0),1) | J4: =IFERROR(1-Capacity_Usage!U4/E4,0) | K4: =MIN(MAX(J4,0),1) | L4: =IFERROR(Capacity_Usage!N4/Capacity_Usage!L4,0) | M4: =MIN(MAX(L4,0),1) | N4: =Capacity_Usage!E4/3 | O4: =MIN(MAX(N4,0),1) | P4: =Policy!$B$2*G4+Policy!$B$3*I4+Policy!$B$4*K4+Policy!$B$5*M4+Policy!$B$6*O4 | Q4: =IF(AND(C4=1,D4=1,A4<>Scoring_Prod!$T$3),P4,-1)
A5: =Capacity_Usage!B5 | B5: =Capacity_Usage!C5 | C5: =IF(Capacity_Usage!C5=Setup!$B$3,1,0) | D5: =IF(HC_Gate!J5="YES",1,0) | E5: =IF(Policy!$B$10=1,SUMIFS(Capacity_Usage!$U$4:$U$18,Capacity_Usage!$C$4:$C$18,Capacity_Usage!C5),IF(Policy!$B$10=2,VLOOKUP(Capacity_Usage!C5,Policy!$D$11:$E$15,2,FALSE),Policy!$B$11)) | F5: =IFERROR(Capacity_Usage!N5/Capacity_Usage!L5,0) | G5: =MIN(MAX(F5,0),1) | H5: =IFERROR(Capacity_Usage!Q5/Capacity_Usage!O5,0) | I5: =MIN(MAX(H5,0),1) | J5: =IFERROR(1-Capacity_Usage!U5/E5,0) | K5: =MIN(MAX(J5,0),1) | L5: =IFERROR(Capacity_Usage!N5/Capacity_Usage!L5,0) | M5: =MIN(MAX(L5,0),1) | N5: =Capacity_Usage!E5/3 | O5: =MIN(MAX(N5,0),1) | P5: =Policy!$B$2*G5+Policy!$B$3*I5+Policy!$B$4*K5+Policy!$B$5*M5+Policy!$B$6*O5 | Q5: =IF(AND(C5=1,D5=1,A5<>Scoring_Prod!$T$3),P5,-1)
A6: =Capacity_Usage!B6 | B6: =Capacity_Usage!C6 | C6: =IF(Capacity_Usage!C6=Setup!$B$3,1,0) | D6: =IF(HC_Gate!J6="YES",1,0) | E6: =IF(Policy!$B$10=1,SUMIFS(Capacity_Usage!$U$4:$U$18,Capacity_Usage!$C$4:$C$18,Capacity_Usage!C6),IF(Policy!$B$10=2,VLOOKUP(Capacity_Usage!C6,Policy!$D$11:$E$15,2,FALSE),Policy!$B$11)) | F6: =IFERROR(Capacity_Usage!N6/Capacity_Usage!L6,0) | G6: =MIN(MAX(F6,0),1) | H6: =IFERROR(Capacity_Usage!Q6/Capacity_Usage!O6,0) | I6: =MIN(MAX(H6,0),1) | J6: =IFERROR(1-Capacity_Usage!U6/E6,0) | K6: =MIN(MAX(J6,0),1) | L6: =IFERROR(Capacity_Usage!N6/Capacity_Usage!L6,0) | M6: =MIN(MAX(L6,0),1) | N6: =Capacity_Usage!E6/3 | O6: =MIN(MAX(N6,0),1) | P6: =Policy!$B$2*G6+Policy!$B$3*I6+Policy!$B$4*K6+Policy!$B$5*M6+Policy!$B$6*O6 | Q6: =IF(AND(C6=1,D6=1,A6<>Scoring_Prod!$T$3),P6,-1)
A7: =Capacity_Usage!B7 | B7: =Capacity_Usage!C7 | C7: =IF(Capacity_Usage!C7=Setup!$B$3,1,0) | D7: =IF(HC_Gate!J7="YES",1,0) | E7: =IF(Policy!$B$10=1,SUMIFS(Capacity_Usage!$U$4:$U$18,Capacity_Usage!$C$4:$C$18,Capacity_Usage!C7),IF(Policy!$B$10=2,VLOOKUP(Capacity_Usage!C7,Policy!$D$11:$E$15,2,FALSE),Policy!$B$11)) | F7: =IFERROR(Capacity_Usage!N7/Capacity_Usage!L7,0) | G7: =MIN(MAX(F7,0),1) | H7: =IFERROR(Capacity_Usage!Q7/Capacity_Usage!O7,0) | I7: =MIN(MAX(H7,0),1) | J7: =IFERROR(1-Capacity_Usage!U7/E7,0) | K7: =MIN(MAX(J7,0),1) | L7: =IFERROR(Capacity_Usage!N7/Capacity_Usage!L7,0) | M7: =MIN(MAX(L7,0),1) | N7: =Capacity_Usage!E7/3 | O7: =MIN(MAX(N7,0),1) | P7: =Policy!$B$2*G7+Policy!$B$3*I7+Policy!$B$4*K7+Policy!$B$5*M7+Policy!$B$6*O7 | Q7: =IF(AND(C7=1,D7=1,A7<>Scoring_Prod!$T$3),P7,-1)
A8: =Capacity_Usage!B8 | B8: =Capacity_Usage!C8 | C8: =IF(Capacity_Usage!C8=Setup!$B$3,1,0) | D8: =IF(HC_Gate!J8="YES",1,0) | E8: =IF(Policy!$B$10=1,SUMIFS(Capacity_Usage!$U$4:$U$18,Capacity_Usage!$C$4:$C$18,Capacity_Usage!C8),IF(Policy!$B$10=2,VLOOKUP(Capacity_Usage!C8,Policy!$D$11:$E$15,2,FALSE),Policy!$B$11)) | F8: =IFERROR(Capacity_Usage!N8/Capacity_Usage!L8,0) | G8: =MIN(MAX(F8,0),1) | H8: =IFERROR(Capacity_Usage!Q8/Capacity_Usage!O8,0) | I8: =MIN(MAX(H8,0),1) | J8: =IFERROR(1-Capacity_Usage!U8/E8,0) | K8: =MIN(MAX(J8,0),1) | L8: =IFERROR(Capacity_Usage!N8/Capacity_Usage!L8,0) | M8: =MIN(MAX(L8,0),1) | N8: =Capacity_Usage!E8/3 | O8: =MIN(MAX(N8,0),1) | P8: =Policy!$B$2*G8+Policy!$B$3*I8+Policy!$B$4*K8+Policy!$B$5*M8+Policy!$B$6*O8 | Q8: =IF(AND(C8=1,D8=1,A8<>Scoring_Prod!$T$3),P8,-1)
A9: =Capacity_Usage!B9 | B9: =Capacity_Usage!C9 | C9: =IF(Capacity_Usage!C9=Setup!$B$3,1,0) | D9: =IF(HC_Gate!J9="YES",1,0) | E9: =IF(Policy!$B$10=1,SUMIFS(Capacity_Usage!$U$4:$U$18,Capacity_Usage!$C$4:$C$18,Capacity_Usage!C9),IF(Policy!$B$10=2,VLOOKUP(Capacity_Usage!C9,Policy!$D$11:$E$15,2,FALSE),Policy!$B$11)) | F9: =IFERROR(Capacity_Usage!N9/Capacity_Usage!L9,0) | G9: =MIN(MAX(F9,0),1) | H9: =IFERROR(Capacity_Usage!Q9/Capacity_Usage!O9,0) | I9: =MIN(MAX(H9,0),1) | J9: =IFERROR(1-Capacity_Usage!U9/E9,0) | K9: =MIN(MAX(J9,0),1) | L9: =IFERROR(Capacity_Usage!N9/Capacity_Usage!L9,0) | M9: =MIN(MAX(L9,0),1) | N9: =Capacity_Usage!E9/3 | O9: =MIN(MAX(N9,0),1) | P9: =Policy!$B$2*G9+Policy!$B$3*I9+Policy!$B$4*K9+Policy!$B$5*M9+Policy!$B$6*O9 | Q9: =IF(AND(C9=1,D9=1,A9<>Scoring_Prod!$T$3),P9,-1)
A10: =Capacity_Usage!B10 | B10: =Capacity_Usage!C10 | C10: =IF(Capacity_Usage!C10=Setup!$B$3,1,0) | D10: =IF(HC_Gate!J10="YES",1,0) | E10: =IF(Policy!$B$10=1,SUMIFS(Capacity_Usage!$U$4:$U$18,Capacity_Usage!$C$4:$C$18,Capacity_Usage!C10),IF(Policy!$B$10=2,VLOOKUP(Capacity_Usage!C10,Policy!$D$11:$E$15,2,FALSE),Policy!$B$11)) | F10: =IFERROR(Capacity_Usage!N10/Capacity_Usage!L10,0) | G10: =MIN(MAX(F10,0),1) | H10: =IFERROR(Capacity_Usage!Q10/Capacity_Usage!O10,0) | I10: =MIN(MAX(H10,0),1) | J10: =IFERROR(1-Capacity_Usage!U10/E10,0) | K10: =MIN(MAX(J10,0),1) | L10: =IFERROR(Capacity_Usage!N10/Capacity_Usage!L10,0) | M10: =MIN(MAX(L10,0),1) | N10: =Capacity_Usage!E10/3 | O10: =MIN(MAX(N10,0),1) | P10: =Policy!$B$2*G10+Policy!$B$3*I10+Policy!$B$4*K10+Policy!$B$5*M10+Policy!$B$6*O10 | Q10: =IF(AND(C10=1,D10=1,A10<>Scoring_Prod!$T$3),P10,-1)
A11: =Capacity_Usage!B11 | B11: =Capacity_Usage!C11 | C11: =IF(Capacity_Usage!C11=Setup!$B$3,1,0) | D11: =IF(HC_Gate!J11="YES",1,0) | E11: =IF(Policy!$B$10=1,SUMIFS(Capacity_Usage!$U$4:$U$18,Capacity_Usage!$C$4:$C$18,Capacity_Usage!C11),IF(Policy!$B$10=2,VLOOKUP(Capacity_Usage!C11,Policy!$D$11:$E$15,2,FALSE),Policy!$B$11)) | F11: =IFERROR(Capacity_Usage!N11/Capacity_Usage!L11,0) | G11: =MIN(MAX(F11,0),1) | H11: =IFERROR(Capacity_Usage!Q11/Capacity_Usage!O11,0) | I11: =MIN(MAX(H11,0),1) | J11: =IFERROR(1-Capacity_Usage!U11/E11,0) | K11: =MIN(MAX(J11,0),1) | L11: =IFERROR(Capacity_Usage!N11/Capacity_Usage!L11,0) | M11: =MIN(MAX(L11,0),1) | N11: =Capacity_Usage!E11/3 | O11: =MIN(MAX(N11,0),1) | P11: =Policy!$B$2*G11+Policy!$B$3*I11+Policy!$B$4*K11+Policy!$B$5*M11+Policy!$B$6*O11 | Q11: =IF(AND(C11=1,D11=1,A11<>Scoring_Prod!$T$3),P11,-1)
A12: =Capacity_Usage!B12 | B12: =Capacity_Usage!C12 | C12: =IF(Capacity_Usage!C12=Setup!$B$3,1,0) | D12: =IF(HC_Gate!J12="YES",1,0) | E12: =IF(Policy!$B$10=1,SUMIFS(Capacity_Usage!$U$4:$U$18,Capacity_Usage!$C$4:$C$18,Capacity_Usage!C12),IF(Policy!$B$10=2,VLOOKUP(Capacity_Usage!C12,Policy!$D$11:$E$15,2,FALSE),Policy!$B$11)) | F12: =IFERROR(Capacity_Usage!N12/Capacity_Usage!L12,0) | G12: =MIN(MAX(F12,0),1) | H12: =IFERROR(Capacity_Usage!Q12/Capacity_Usage!O12,0) | I12: =MIN(MAX(H12,0),1) | J12: =IFERROR(1-Capacity_Usage!U12/E12,0) | K12: =MIN(MAX(J12,0),1) | L12: =IFERROR(Capacity_Usage!N12/Capacity_Usage!L12,0) | M12: =MIN(MAX(L12,0),1) | N12: =Capacity_Usage!E12/3 | O12: =MIN(MAX(N12,0),1) | P12: =Policy!$B$2*G12+Policy!$B$3*I12+Policy!$B$4*K12+Policy!$B$5*M12+Policy!$B$6*O12 | Q12: =IF(AND(C12=1,D12=1,A12<>Scoring_Prod!$T$3),P12,-1)
A13: =Capacity_Usage!B13 | B13: =Capacity_Usage!C13 | C13: =IF(Capacity_Usage!C13=Setup!$B$3,1,0) | D13: =IF(HC_Gate!J13="YES",1,0) | E13: =IF(Policy!$B$10=1,SUMIFS(Capacity_Usage!$U$4:$U$18,Capacity_Usage!$C$4:$C$18,Capacity_Usage!C13),IF(Policy!$B$10=2,VLOOKUP(Capacity_Usage!C13,Policy!$D$11:$E$15,2,FALSE),Policy!$B$11)) | F13: =IFERROR(Capacity_Usage!N13/Capacity_Usage!L13,0) | G13: =MIN(MAX(F13,0),1) | H13: =IFERROR(Capacity_Usage!Q13/Capacity_Usage!O13,0) | I13: =MIN(MAX(H13,0),1) | J13: =IFERROR(1-Capacity_Usage!U13/E13,0) | K13: =MIN(MAX(J13,0),1) | L13: =IFERROR(Capacity_Usage!N13/Capacity_Usage!L13,0) | M13: =MIN(MAX(L13,0),1) | N13: =Capacity_Usage!E13/3 | O13: =MIN(MAX(N13,0),1) | P13: =Policy!$B$2*G13+Policy!$B$3*I13+Policy!$B$4*K13+Policy!$B$5*M13+Policy!$B$6*O13 | Q13: =IF(AND(C13=1,D13=1,A13<>Scoring_Prod!$T$3),P13,-1)
A14: =Capacity_Usage!B14 | B14: =Capacity_Usage!C14 | C14: =IF(Capacity_Usage!C14=Setup!$B$3,1,0) | D14: =IF(HC_Gate!J14="YES",1,0) | E14: =IF(Policy!$B$10=1,SUMIFS(Capacity_Usage!$U$4:$U$18,Capacity_Usage!$C$4:$C$18,Capacity_Usage!C14),IF(Policy!$B$10=2,VLOOKUP(Capacity_Usage!C14,Policy!$D$11:$E$15,2,FALSE),Policy!$B$11)) | F14: =IFERROR(Capacity_Usage!N14/Capacity_Usage!L14,0) | G14: =MIN(MAX(F14,0),1) | H14: =IFERROR(Capacity_Usage!Q14/Capacity_Usage!O14,0) | I14: =MIN(MAX(H14,0),1) | J14: =IFERROR(1-Capacity_Usage!U14/E14,0) | K14: =MIN(MAX(J14,0),1) | L14: =IFERROR(Capacity_Usage!N14/Capacity_Usage!L14,0) | M14: =MIN(MAX(L14,0),1) | N14: =Capacity_Usage!E14/3 | O14: =MIN(MAX(N14,0),1) | P14: =Policy!$B$2*G14+Policy!$B$3*I14+Policy!$B$4*K14+Policy!$B$5*M14+Policy!$B$6*O14 | Q14: =IF(AND(C14=1,D14=1,A14<>Scoring_Prod!$T$3),P14,-1)
A15: =Capacity_Usage!B15 | B15: =Capacity_Usage!C15 | C15: =IF(Capacity_Usage!C15=Setup!$B$3,1,0) | D15: =IF(HC_Gate!J15="YES",1,0) | E15: =IF(Policy!$B$10=1,SUMIFS(Capacity_Usage!$U$4:$U$18,Capacity_Usage!$C$4:$C$18,Capacity_Usage!C15),IF(Policy!$B$10=2,VLOOKUP(Capacity_Usage!C15,Policy!$D$11:$E$15,2,FALSE),Policy!$B$11)) | F15: =IFERROR(Capacity_Usage!N15/Capacity_Usage!L15,0) | G15: =MIN(MAX(F15,0),1) | H15: =IFERROR(Capacity_Usage!Q15/Capacity_Usage!O15,0) | I15: =MIN(MAX(H15,0),1) | J15: =IFERROR(1-Capacity_Usage!U15/E15,0) | K15: =MIN(MAX(J15,0),1) | L15: =IFERROR(Capacity_Usage!N15/Capacity_Usage!L15,0) | M15: =MIN(MAX(L15,0),1) | N15: =Capacity_Usage!E15/3 | O15: =MIN(MAX(N15,0),1) | P15: =Policy!$B$2*G15+Policy!$B$3*I15+Policy!$B$4*K15+Policy!$B$5*M15+Policy!$B$6*O15 | Q15: =IF(AND(C15=1,D15=1,A15<>Scoring_Prod!$T$3),P15,-1)
... A18: =Capacity_Usage!B18 | B18: =Capacity_Usage!C18 | C18: =IF(Capacity_Usage!C18=Setup!$B$3,1,0) | D18: =IF(HC_Gate!J18="YES",1,0) | E18: =IF(Policy!$B$10=1,SUMIFS(Capacity_Usage!$U$4:$U$18,Capacity_Usage!$C$4:$C$18,Capacity_Usage!C18),IF(Policy!$B$10=2,VLOOKUP(Capacity_Usage!C18,Policy!$D$11:$E$15,2,FALSE),Policy!$B$11)) | F18: =IFERROR(Capacity_Usage!N18/Capacity_Usage!L18,0) | G18: =MIN(MAX(F18,0),1) | H18: =IFERROR(Capacity_Usage!Q18/Capacity_Usage!O18,0) | I18: =MIN(MAX(H18,0),1) | J18: =IFERROR(1-Capacity_Usage!U18/E18,0) | K18: =MIN(MAX(J18,0),1) | L18: =IFERROR(Capacity_Usage!N18/Capacity_Usage!L18,0) | M18: =MIN(MAX(L18,0),1) | N18: =Capacity_Usage!E18/3 | O18: =MIN(MAX(N18,0),1) | P18: =Policy!$B$2*G18+Policy!$B$3*I18+Policy!$B$4*K18+Policy!$B$5*M18+Policy!$B$6*O18 | Q18: =IF(AND(C18=1,D18=1,A18<>Scoring_Prod!$T$3),P18,-1)

Sheet Scoring_DR
A1: PS_DR — DR Placement Score (Middle East scores EU regions cross-geo) | S1: DR WINNER
S2: Region | T2: =IF(Setup!$B$10="2-region",Scoring_CVAL!$T$2,IF(MAX(Q4:Q18)<0,"NONE ELIGIBLE",INDEX(A4:A18,MATCH(MAX(Q4:Q18),Q4:Q18,0))))
A3: Region | B3: Geography | C3: InScope | D3: Eligible | E3: total_cust | F3: α_raw | G3: α_c | H3: β_raw | I3: β_c | J3: γ_raw | K3: γ_c | L3: δ_raw | M3: δ_c | N3: ε_raw | O3: ε_c | P3: PS | Q3: Candidate | S3: Score | T3: =IF(Setup!$B$10="2-region",Scoring_CVAL!$T$3,IF(MAX(Q4:Q18)<0,"",MAX(Q4:Q18)))
A4: =Capacity_Usage!B4 | B4: =Capacity_Usage!C4 | C4: =IF(Capacity_Usage!C4=Setup!$B$11,1,0) | D4: =IF(HC_Gate!K4="YES",1,0) | E4: =IF(Policy!$B$10=1,SUMIFS(Capacity_Usage!$U$4:$U$18,Capacity_Usage!$C$4:$C$18,Capacity_Usage!C4),IF(Policy!$B$10=2,VLOOKUP(Capacity_Usage!C4,Policy!$D$11:$E$15,2,FALSE),Policy!$B$11)) | F4: =IFERROR(Capacity_Usage!S4/Capacity_Usage!R4,0) | G4: =MIN(MAX(F4,0),1) | H4: =IFERROR(Capacity_Usage!Q4/Capacity_Usage!O4,0) | I4: =MIN(MAX(H4,0),1) | J4: =IFERROR(1-Capacity_Usage!U4/E4,0) | K4: =MIN(MAX(J4,0),1) | L4: =IFERROR(Capacity_Usage!T4/Policy!$B$14,0) | M4: =MIN(MAX(L4,0),1) | N4: =Capacity_Usage!E4/3 | O4: =MIN(MAX(N4,0),1) | P4: =Policy!$B$2*G4+Policy!$B$3*I4+Policy!$B$4*K4+Policy!$B$5*M4+Policy!$B$6*O4 | Q4: =IF(AND(C4=1,D4=1,A4<>Scoring_Prod!$T$3),P4,-1)
A5: =Capacity_Usage!B5 | B5: =Capacity_Usage!C5 | C5: =IF(Capacity_Usage!C5=Setup!$B$11,1,0) | D5: =IF(HC_Gate!K5="YES",1,0) | E5: =IF(Policy!$B$10=1,SUMIFS(Capacity_Usage!$U$4:$U$18,Capacity_Usage!$C$4:$C$18,Capacity_Usage!C5),IF(Policy!$B$10=2,VLOOKUP(Capacity_Usage!C5,Policy!$D$11:$E$15,2,FALSE),Policy!$B$11)) | F5: =IFERROR(Capacity_Usage!S5/Capacity_Usage!R5,0) | G5: =MIN(MAX(F5,0),1) | H5: =IFERROR(Capacity_Usage!Q5/Capacity_Usage!O5,0) | I5: =MIN(MAX(H5,0),1) | J5: =IFERROR(1-Capacity_Usage!U5/E5,0) | K5: =MIN(MAX(J5,0),1) | L5: =IFERROR(Capacity_Usage!T5/Policy!$B$14,0) | M5: =MIN(MAX(L5,0),1) | N5: =Capacity_Usage!E5/3 | O5: =MIN(MAX(N5,0),1) | P5: =Policy!$B$2*G5+Policy!$B$3*I5+Policy!$B$4*K5+Policy!$B$5*M5+Policy!$B$6*O5 | Q5: =IF(AND(C5=1,D5=1,A5<>Scoring_Prod!$T$3),P5,-1)
A6: =Capacity_Usage!B6 | B6: =Capacity_Usage!C6 | C6: =IF(Capacity_Usage!C6=Setup!$B$11,1,0) | D6: =IF(HC_Gate!K6="YES",1,0) | E6: =IF(Policy!$B$10=1,SUMIFS(Capacity_Usage!$U$4:$U$18,Capacity_Usage!$C$4:$C$18,Capacity_Usage!C6),IF(Policy!$B$10=2,VLOOKUP(Capacity_Usage!C6,Policy!$D$11:$E$15,2,FALSE),Policy!$B$11)) | F6: =IFERROR(Capacity_Usage!S6/Capacity_Usage!R6,0) | G6: =MIN(MAX(F6,0),1) | H6: =IFERROR(Capacity_Usage!Q6/Capacity_Usage!O6,0) | I6: =MIN(MAX(H6,0),1) | J6: =IFERROR(1-Capacity_Usage!U6/E6,0) | K6: =MIN(MAX(J6,0),1) | L6: =IFERROR(Capacity_Usage!T6/Policy!$B$14,0) | M6: =MIN(MAX(L6,0),1) | N6: =Capacity_Usage!E6/3 | O6: =MIN(MAX(N6,0),1) | P6: =Policy!$B$2*G6+Policy!$B$3*I6+Policy!$B$4*K6+Policy!$B$5*M6+Policy!$B$6*O6 | Q6: =IF(AND(C6=1,D6=1,A6<>Scoring_Prod!$T$3),P6,-1)
A7: =Capacity_Usage!B7 | B7: =Capacity_Usage!C7 | C7: =IF(Capacity_Usage!C7=Setup!$B$11,1,0) | D7: =IF(HC_Gate!K7="YES",1,0) | E7: =IF(Policy!$B$10=1,SUMIFS(Capacity_Usage!$U$4:$U$18,Capacity_Usage!$C$4:$C$18,Capacity_Usage!C7),IF(Policy!$B$10=2,VLOOKUP(Capacity_Usage!C7,Policy!$D$11:$E$15,2,FALSE),Policy!$B$11)) | F7: =IFERROR(Capacity_Usage!S7/Capacity_Usage!R7,0) | G7: =MIN(MAX(F7,0),1) | H7: =IFERROR(Capacity_Usage!Q7/Capacity_Usage!O7,0) | I7: =MIN(MAX(H7,0),1) | J7: =IFERROR(1-Capacity_Usage!U7/E7,0) | K7: =MIN(MAX(J7,0),1) | L7: =IFERROR(Capacity_Usage!T7/Policy!$B$14,0) | M7: =MIN(MAX(L7,0),1) | N7: =Capacity_Usage!E7/3 | O7: =MIN(MAX(N7,0),1) | P7: =Policy!$B$2*G7+Policy!$B$3*I7+Policy!$B$4*K7+Policy!$B$5*M7+Policy!$B$6*O7 | Q7: =IF(AND(C7=1,D7=1,A7<>Scoring_Prod!$T$3),P7,-1)
A8: =Capacity_Usage!B8 | B8: =Capacity_Usage!C8 | C8: =IF(Capacity_Usage!C8=Setup!$B$11,1,0) | D8: =IF(HC_Gate!K8="YES",1,0) | E8: =IF(Policy!$B$10=1,SUMIFS(Capacity_Usage!$U$4:$U$18,Capacity_Usage!$C$4:$C$18,Capacity_Usage!C8),IF(Policy!$B$10=2,VLOOKUP(Capacity_Usage!C8,Policy!$D$11:$E$15,2,FALSE),Policy!$B$11)) | F8: =IFERROR(Capacity_Usage!S8/Capacity_Usage!R8,0) | G8: =MIN(MAX(F8,0),1) | H8: =IFERROR(Capacity_Usage!Q8/Capacity_Usage!O8,0) | I8: =MIN(MAX(H8,0),1) | J8: =IFERROR(1-Capacity_Usage!U8/E8,0) | K8: =MIN(MAX(J8,0),1) | L8: =IFERROR(Capacity_Usage!T8/Policy!$B$14,0) | M8: =MIN(MAX(L8,0),1) | N8: =Capacity_Usage!E8/3 | O8: =MIN(MAX(N8,0),1) | P8: =Policy!$B$2*G8+Policy!$B$3*I8+Policy!$B$4*K8+Policy!$B$5*M8+Policy!$B$6*O8 | Q8: =IF(AND(C8=1,D8=1,A8<>Scoring_Prod!$T$3),P8,-1)
A9: =Capacity_Usage!B9 | B9: =Capacity_Usage!C9 | C9: =IF(Capacity_Usage!C9=Setup!$B$11,1,0) | D9: =IF(HC_Gate!K9="YES",1,0) | E9: =IF(Policy!$B$10=1,SUMIFS(Capacity_Usage!$U$4:$U$18,Capacity_Usage!$C$4:$C$18,Capacity_Usage!C9),IF(Policy!$B$10=2,VLOOKUP(Capacity_Usage!C9,Policy!$D$11:$E$15,2,FALSE),Policy!$B$11)) | F9: =IFERROR(Capacity_Usage!S9/Capacity_Usage!R9,0) | G9: =MIN(MAX(F9,0),1) | H9: =IFERROR(Capacity_Usage!Q9/Capacity_Usage!O9,0) | I9: =MIN(MAX(H9,0),1) | J9: =IFERROR(1-Capacity_Usage!U9/E9,0) | K9: =MIN(MAX(J9,0),1) | L9: =IFERROR(Capacity_Usage!T9/Policy!$B$14,0) | M9: =MIN(MAX(L9,0),1) | N9: =Capacity_Usage!E9/3 | O9: =MIN(MAX(N9,0),1) | P9: =Policy!$B$2*G9+Policy!$B$3*I9+Policy!$B$4*K9+Policy!$B$5*M9+Policy!$B$6*O9 | Q9: =IF(AND(C9=1,D9=1,A9<>Scoring_Prod!$T$3),P9,-1)
A10: =Capacity_Usage!B10 | B10: =Capacity_Usage!C10 | C10: =IF(Capacity_Usage!C10=Setup!$B$11,1,0) | D10: =IF(HC_Gate!K10="YES",1,0) | E10: =IF(Policy!$B$10=1,SUMIFS(Capacity_Usage!$U$4:$U$18,Capacity_Usage!$C$4:$C$18,Capacity_Usage!C10),IF(Policy!$B$10=2,VLOOKUP(Capacity_Usage!C10,Policy!$D$11:$E$15,2,FALSE),Policy!$B$11)) | F10: =IFERROR(Capacity_Usage!S10/Capacity_Usage!R10,0) | G10: =MIN(MAX(F10,0),1) | H10: =IFERROR(Capacity_Usage!Q10/Capacity_Usage!O10,0) | I10: =MIN(MAX(H10,0),1) | J10: =IFERROR(1-Capacity_Usage!U10/E10,0) | K10: =MIN(MAX(J10,0),1) | L10: =IFERROR(Capacity_Usage!T10/Policy!$B$14,0) | M10: =MIN(MAX(L10,0),1) | N10: =Capacity_Usage!E10/3 | O10: =MIN(MAX(N10,0),1) | P10: =Policy!$B$2*G10+Policy!$B$3*I10+Policy!$B$4*K10+Policy!$B$5*M10+Policy!$B$6*O10 | Q10: =IF(AND(C10=1,D10=1,A10<>Scoring_Prod!$T$3),P10,-1)
A11: =Capacity_Usage!B11 | B11: =Capacity_Usage!C11 | C11: =IF(Capacity_Usage!C11=Setup!$B$11,1,0) | D11: =IF(HC_Gate!K11="YES",1,0) | E11: =IF(Policy!$B$10=1,SUMIFS(Capacity_Usage!$U$4:$U$18,Capacity_Usage!$C$4:$C$18,Capacity_Usage!C11),IF(Policy!$B$10=2,VLOOKUP(Capacity_Usage!C11,Policy!$D$11:$E$15,2,FALSE),Policy!$B$11)) | F11: =IFERROR(Capacity_Usage!S11/Capacity_Usage!R11,0) | G11: =MIN(MAX(F11,0),1) | H11: =IFERROR(Capacity_Usage!Q11/Capacity_Usage!O11,0) | I11: =MIN(MAX(H11,0),1) | J11: =IFERROR(1-Capacity_Usage!U11/E11,0) | K11: =MIN(MAX(J11,0),1) | L11: =IFERROR(Capacity_Usage!T11/Policy!$B$14,0) | M11: =MIN(MAX(L11,0),1) | N11: =Capacity_Usage!E11/3 | O11: =MIN(MAX(N11,0),1) | P11: =Policy!$B$2*G11+Policy!$B$3*I11+Policy!$B$4*K11+Policy!$B$5*M11+Policy!$B$6*O11 | Q11: =IF(AND(C11=1,D11=1,A11<>Scoring_Prod!$T$3),P11,-1)
A12: =Capacity_Usage!B12 | B12: =Capacity_Usage!C12 | C12: =IF(Capacity_Usage!C12=Setup!$B$11,1,0) | D12: =IF(HC_Gate!K12="YES",1,0) | E12: =IF(Policy!$B$10=1,SUMIFS(Capacity_Usage!$U$4:$U$18,Capacity_Usage!$C$4:$C$18,Capacity_Usage!C12),IF(Policy!$B$10=2,VLOOKUP(Capacity_Usage!C12,Policy!$D$11:$E$15,2,FALSE),Policy!$B$11)) | F12: =IFERROR(Capacity_Usage!S12/Capacity_Usage!R12,0) | G12: =MIN(MAX(F12,0),1) | H12: =IFERROR(Capacity_Usage!Q12/Capacity_Usage!O12,0) | I12: =MIN(MAX(H12,0),1) | J12: =IFERROR(1-Capacity_Usage!U12/E12,0) | K12: =MIN(MAX(J12,0),1) | L12: =IFERROR(Capacity_Usage!T12/Policy!$B$14,0) | M12: =MIN(MAX(L12,0),1) | N12: =Capacity_Usage!E12/3 | O12: =MIN(MAX(N12,0),1) | P12: =Policy!$B$2*G12+Policy!$B$3*I12+Policy!$B$4*K12+Policy!$B$5*M12+Policy!$B$6*O12 | Q12: =IF(AND(C12=1,D12=1,A12<>Scoring_Prod!$T$3),P12,-1)
A13: =Capacity_Usage!B13 | B13: =Capacity_Usage!C13 | C13: =IF(Capacity_Usage!C13=Setup!$B$11,1,0) | D13: =IF(HC_Gate!K13="YES",1,0) | E13: =IF(Policy!$B$10=1,SUMIFS(Capacity_Usage!$U$4:$U$18,Capacity_Usage!$C$4:$C$18,Capacity_Usage!C13),IF(Policy!$B$10=2,VLOOKUP(Capacity_Usage!C13,Policy!$D$11:$E$15,2,FALSE),Policy!$B$11)) | F13: =IFERROR(Capacity_Usage!S13/Capacity_Usage!R13,0) | G13: =MIN(MAX(F13,0),1) | H13: =IFERROR(Capacity_Usage!Q13/Capacity_Usage!O13,0) | I13: =MIN(MAX(H13,0),1) | J13: =IFERROR(1-Capacity_Usage!U13/E13,0) | K13: =MIN(MAX(J13,0),1) | L13: =IFERROR(Capacity_Usage!T13/Policy!$B$14,0) | M13: =MIN(MAX(L13,0),1) | N13: =Capacity_Usage!E13/3 | O13: =MIN(MAX(N13,0),1) | P13: =Policy!$B$2*G13+Policy!$B$3*I13+Policy!$B$4*K13+Policy!$B$5*M13+Policy!$B$6*O13 | Q13: =IF(AND(C13=1,D13=1,A13<>Scoring_Prod!$T$3),P13,-1)
A14: =Capacity_Usage!B14 | B14: =Capacity_Usage!C14 | C14: =IF(Capacity_Usage!C14=Setup!$B$11,1,0) | D14: =IF(HC_Gate!K14="YES",1,0) | E14: =IF(Policy!$B$10=1,SUMIFS(Capacity_Usage!$U$4:$U$18,Capacity_Usage!$C$4:$C$18,Capacity_Usage!C14),IF(Policy!$B$10=2,VLOOKUP(Capacity_Usage!C14,Policy!$D$11:$E$15,2,FALSE),Policy!$B$11)) | F14: =IFERROR(Capacity_Usage!S14/Capacity_Usage!R14,0) | G14: =MIN(MAX(F14,0),1) | H14: =IFERROR(Capacity_Usage!Q14/Capacity_Usage!O14,0) | I14: =MIN(MAX(H14,0),1) | J14: =IFERROR(1-Capacity_Usage!U14/E14,0) | K14: =MIN(MAX(J14,0),1) | L14: =IFERROR(Capacity_Usage!T14/Policy!$B$14,0) | M14: =MIN(MAX(L14,0),1) | N14: =Capacity_Usage!E14/3 | O14: =MIN(MAX(N14,0),1) | P14: =Policy!$B$2*G14+Policy!$B$3*I14+Policy!$B$4*K14+Policy!$B$5*M14+Policy!$B$6*O14 | Q14: =IF(AND(C14=1,D14=1,A14<>Scoring_Prod!$T$3),P14,-1)
A15: =Capacity_Usage!B15 | B15: =Capacity_Usage!C15 | C15: =IF(Capacity_Usage!C15=Setup!$B$11,1,0) | D15: =IF(HC_Gate!K15="YES",1,0) | E15: =IF(Policy!$B$10=1,SUMIFS(Capacity_Usage!$U$4:$U$18,Capacity_Usage!$C$4:$C$18,Capacity_Usage!C15),IF(Policy!$B$10=2,VLOOKUP(Capacity_Usage!C15,Policy!$D$11:$E$15,2,FALSE),Policy!$B$11)) | F15: =IFERROR(Capacity_Usage!S15/Capacity_Usage!R15,0) | G15: =MIN(MAX(F15,0),1) | H15: =IFERROR(Capacity_Usage!Q15/Capacity_Usage!O15,0) | I15: =MIN(MAX(H15,0),1) | J15: =IFERROR(1-Capacity_Usage!U15/E15,0) | K15: =MIN(MAX(J15,0),1) | L15: =IFERROR(Capacity_Usage!T15/Policy!$B$14,0) | M15: =MIN(MAX(L15,0),1) | N15: =Capacity_Usage!E15/3 | O15: =MIN(MAX(N15,0),1) | P15: =Policy!$B$2*G15+Policy!$B$3*I15+Policy!$B$4*K15+Policy!$B$5*M15+Policy!$B$6*O15 | Q15: =IF(AND(C15=1,D15=1,A15<>Scoring_Prod!$T$3),P15,-1)
... A18: =Capacity_Usage!B18 | B18: =Capacity_Usage!C18 | C18: =IF(Capacity_Usage!C18=Setup!$B$11,1,0) | D18: =IF(HC_Gate!K18="YES",1,0) | E18: =IF(Policy!$B$10=1,SUMIFS(Capacity_Usage!$U$4:$U$18,Capacity_Usage!$C$4:$C$18,Capacity_Usage!C18),IF(Policy!$B$10=2,VLOOKUP(Capacity_Usage!C18,Policy!$D$11:$E$15,2,FALSE),Policy!$B$11)) | F18: =IFERROR(Capacity_Usage!S18/Capacity_Usage!R18,0) | G18: =MIN(MAX(F18,0),1) | H18: =IFERROR(Capacity_Usage!Q18/Capacity_Usage!O18,0) | I18: =MIN(MAX(H18,0),1) | J18: =IFERROR(1-Capacity_Usage!U18/E18,0) | K18: =MIN(MAX(J18,0),1) | L18: =IFERROR(Capacity_Usage!T18/Policy!$B$14,0) | M18: =MIN(MAX(L18,0),1) | N18: =Capacity_Usage!E18/3 | O18: =MIN(MAX(N18,0),1) | P18: =Policy!$B$2*G18+Policy!$B$3*I18+Policy!$B$4*K18+Policy!$B$5*M18+Policy!$B$6*O18 | Q18: =IF(AND(C18=1,D18=1,A18<>Scoring_Prod!$T$3),P18,-1)

Sheet Result
A1: RESULT — Region Selection (What-If)
A3: Customer ID | B3: =Setup!B9 | E3: DR SIZING (max-not-sum, A.6 / DR-017)
A4: Geography | B4: =Setup!B3
A5: SKU | B5: =Setup!B4 | E5: DR region | F5: =B11
A6: Requested vCPU | B6: =Setup!B7 | E6: Max source customers | F6: =SUMPRODUCT(MAX((Capacity_Usage!$C$4:$C$18=Setup!$B$11)*Capacity_Usage!$U$4:$U$18))
E7: × Requested vCPU | F7: =Setup!B7
A8: Environment | B8: Region | C8: Score | E8: DR Requirement (max-not-sum) | F8: =F6*F7
A9: Prod | B9: =Scoring_Prod!T3 | C9: =Scoring_Prod!T4 | E9: DR Reserved (region) | F9: =IFERROR(INDEX(Capacity_Usage!$R$4:$R$18,MATCH(B11,Capacity_Usage!$B$4:$B$18,0)),0)
A10: CVAL | B10: =Scoring_CVAL!T2 | C10: =Scoring_CVAL!T3 | E10: DR Gap | F10: =MAX(0,F8-F9)
A11: DR | B11: =Scoring_DR!T2 | C11: =Scoring_DR!T3 | E11: Note: illustrative — sources = regions in DR scope geography.
A13: Readiness State | B13: =IF(B9="NONE ELIGIBLE","QUOTA_DEFICIT / CAPACITY_UNAVAILABLE (Prod)",IF(B10="NONE ELIGIBLE","CAPACITY_UNAVAILABLE (CVAL)",IF(B11="NONE ELIGIBLE","READY_WITH_RISK (no DR region)","READY")))
A15: Policy version | B15: ="whatif-v1 (weights "&TEXT(Policy!B7,"0.00")&" — "&Policy!B8&")"
