Workbook

Sheet How_To_Use
B1: ACRME Region Selection — Interactive Mockup (Formula-Only)
B2: How-To-Use Guide · v1.0 · Sources: acrme_calculation_logic_comprehensive_walkthrough / requirements_baseline_v2_4 / plain_english_walkthrough
B4: WHAT THIS WORKBOOK DOES
B5: This workbook simulates the ACRME placement engine. You enter a customer workload, and the engine runs the Hard Constraint gate, scores every candidate region with PS_Prod / PS_NonProd / PS_DR, and picks the Prod, CVAL (NonProd) and DR regions in sequence. All calculations are live Excel formulas — change any input and every result recalculates instantly. There are no macros.
B7: SHEET MAP (work left to right)
B8: 1. How_To_Use — this guide.
B9: 2. Setup — enter your scenario: Geography, SKU, VM count, optional customer-supplied Prod region, Customer ID. Yellow cells are the ONLY cells you edit here.
B10: 3. Policy — the five scoring weights (must sum to 1.0), the total_customers denominator mode, DR bootstrap / coverage target, and the minimum headroom floors. All editable (yellow).
B11: 4. Capacity_Usage — the current regional capacity & usage snapshot for all 11 regions. This is the master data the engine reads. Edit the yellow cells to model a different estate state.
B12: 5. HC_Gate — shows HC-3 / HC-6 / HC-7 pass/fail per region and the resulting eligibility for Prod / NonProd / DR.
B13: 6. Scoring_Prod — PS_Prod component breakdown (α β γ δ ε) and the Prod winner.
B14: 7. Scoring_CVAL — PS_NonProd scoring for the CVAL region (Prod winner excluded; Middle East co-locates with Prod).
... B45: This is Phase 1 — Region Selection only. Quota-pool arithmetic and capacity reconciliation are follow-on mockups. This tool is a simulation: it makes no Azure API calls.

Sheet Setup
A1: SETUP — Customer & Workload | E1: Lookup tables (do not edit)
E2: SKU | F2: vCPU/VM
A3: Geography | B3: US | E3: E16ads_v5 | F3: 16
A4: SKU | B4: E16ads_v5 | E4: E8ads_v5 | F4: 8
A5: VM count | B5: 3 | E5: D8s_v5 | F5: 8
A6: vCPU per VM | B6: =VLOOKUP(B4,E3:F6,2,FALSE) | E6: D16s_v5 | F6: 16
A7: Requested vCPU | B7: =B5*B6
A8: Prod region (optional) | E8: Geography | F8: Model | G8: DR Scope Geo
A9: Customer ID | B9: CUST-0042 | E9: US | F9: 3-region | G9: US
A10: Distribution model | B10: =VLOOKUP(B3,E9:G13,2,FALSE) | E10: EU | F10: 2-region | G10: EU
A11: DR scope geography | B11: =VLOOKUP(B3,E9:G13,3,FALSE) | E11: Australia | F11: 2-region | G11: Australia
E12: Asia Pacific | F12: 2-region | G12: Asia Pacific
E13: Middle East | F13: cross-geo | G13: EU

Sheet Policy
A1: POLICY — Weights & Parameters
A2: alpha (α) — Capacity headroom | B2: 0.3
A3: beta (β) — Quota headroom | B3: 0.2
A4: gamma (γ) — Distribution fairness | B4: 0.25
A5: delta (δ) — DR readiness | B5: 0.15
A6: epsilon (ε) — Zone diversity | B6: 0.1
A7: Weight sum | B7: =SUM(B2:B6)
A8: Validation | B8: =IF(ABS(B7-1)<=0.001,"VALID","INVALID — must sum to 1.0")
A10: total_customers mode (1=Live 2=Constant 3=Manual) | B10: 1 | D10: Geography | E10: Constant
A11: Manual total_customers | B11: 100 | D11: US | E11: 20
D12: EU | E12: 15
A13: DR bootstrap qty (vCPU) | B13: 40 | D13: Australia | E13: 12
A14: DR coverage target | B14: 0.8 | D14: Asia Pacific | E14: 12
A15: Min Prod headroom (vCPU) | B15: 20 | D15: Middle East | E15: 10
A16: Min NonProd headroom (vCPU) | B16: 20
A17: Min DR headroom (vCPU) | B17: 16

Sheet Capacity_Usage
A1: CURRENT REGIONAL CAPACITY & USAGE
A2: Master snapshot the engine reads. Yellow = editable current state. Grey = computed (Free / Headroom).
A3: Region ID | B3: Region Name | C3: Geography | D3: Model | E3: AZ | F3: Prod Reserved | G3: Prod Alloc | H3: Prod Free | I3: Prod Q-Limit | J3: Prod Q-Used | K3: Prod Q-Headroom | L3: NP Reserved | M3: NP Alloc | N3: NP Eff-Free | O3: NP Q-Limit | P3: NP Q-Used | Q3: NP Q-Headroom | R3: DR Reserved | S3: DR Free | T3: DR Coverage | U3: Cust Count
A4: westus3 | B4: West US 3 | C4: US | D4: 3-region | E4: 3 | F4: 200 | G4: 120 | H4: =F4-G4 | I4: 1000 | J4: 300 | K4: =I4-J4 | L4: 120 | M4: 80 | N4: 130 | O4: 500 | P4: 260 | Q4: =O4-P4 | R4: 120 | S4: 100 | T4: 0.5 | U4: 40
A5: centralus | B5: Central US | C5: US | D5: 3-region | E5: 3 | F5: 200 | G5: 160 | H5: =F5-G5 | I5: 1000 | J5: 450 | K5: =I5-J5 | L5: 100 | M5: 100 | N5: 80 | O5: 500 | P5: 340 | Q5: =O5-P5 | R5: 80 | S5: 60 | T5: 0.45 | U5: 25
A6: canadacentral | B6: Canada Central | C6: US | D6: 3-region | E6: 2 | F6: 200 | G6: 80 | H6: =F6-G6 | I6: 1000 | J6: 700 | K6: =I6-J6 | L6: 80 | M6: 60 | N6: 40 | O6: 500 | P6: 172 | Q6: =O6-P6 | R6: 60 | S6: 60 | T6: 0.6 | U6: 20
A7: switzerlandnorth | B7: Switzerland North | C7: EU | D7: 2-region | E7: 3 | F7: 150 | G7: 100 | H7: =F7-G7 | I7: 600 | J7: 200 | K7: =I7-J7 | L7: 100 | M7: 20 | N7: 80 | O7: 300 | P7: 200 | Q7: =O7-P7 | R7: 80 | S7: 60 | T7: 0.6 | U7: 6
A8: swedencentral | B8: Sweden Central | C8: EU | D8: 2-region | E8: 3 | F8: 150 | G8: 80 | H8: =F8-G8 | I8: 600 | J8: 180 | K8: =I8-J8 | L8: 100 | M8: 10 | N8: 90 | O8: 300 | P8: 162 | Q8: =O8-P8 | R8: 80 | S8: 65 | T8: 0.65 | U8: 4
A9: australiaeast | B9: Australia East | C9: Australia | D9: 2-region | E9: 3 | F9: 150 | G9: 75 | H9: =F9-G9 | I9: 500 | J9: 250 | K9: =I9-J9 | L9: 100 | M9: 50 | N9: 60 | O9: 300 | P9: 150 | Q9: =O9-P9 | R9: 80 | S9: 60 | T9: 0.55 | U9: 3
A10: australiasoutheast | B10: Australia Southeast | C10: Australia | D10: 2-region | E10: 2 | F10: 150 | G10: 60 | H10: =F10-G10 | I10: 500 | J10: 200 | K10: =I10-J10 | L10: 100 | M10: 40 | N10: 70 | O10: 300 | P10: 120 | Q10: =O10-P10 | R10: 80 | S10: 65 | T10: 0.6 | U10: 2
A11: eastasia | B11: East Asia | C11: Asia Pacific | D11: 2-region | E11: 3 | F11: 150 | G11: 70 | H11: =F11-G11 | I11: 500 | J11: 230 | K11: =I11-J11 | L11: 100 | M11: 45 | N11: 65 | O11: 300 | P11: 140 | Q11: =O11-P11 | R11: 80 | S11: 60 | T11: 0.55 | U11: 3
A12: southeastasia | B12: Southeast Asia | C12: Asia Pacific | D12: 2-region | E12: 3 | F12: 150 | G12: 55 | H12: =F12-G12 | I12: 500 | J12: 180 | K12: =I12-J12 | L12: 100 | M12: 35 | N12: 72 | O12: 300 | P12: 115 | Q12: =O12-P12 | R12: 80 | S12: 66 | T12: 0.62 | U12: 2
A13: uaenorth | B13: UAE North | C13: Middle East | D13: cross-geo | E13: 3 | F13: 100 | G13: 40 | H13: =F13-G13 | I13: 400 | J13: 200 | K13: =I13-J13 | L13: 80 | M13: 30 | N13: 55 | O13: 250 | P13: 100 | Q13: =O13-P13 | R13: 0 | S13: 0 | T13: 0 | U13: 3
A14: saudicentral | B14: Saudi Arabia Central | C14: Middle East | D14: cross-geo | E14: 2 | F14: 100 | G14: 30 | H14: =F14-G14 | I14: 400 | J14: 220 | K14: =I14-J14 | L14: 80 | M14: 25 | N14: 58 | O14: 250 | P14: 95 | Q14: =O14-P14 | R14: 0 | S14: 0 | T14: 0 | U14: 2

Sheet HC_Gate
A1: HARD CONSTRAINT GATE
A3: Region | B3: Geography | C3: Req vCPU | D3: HC-3 Prod | E3: HC-3 NonProd | F3: HC-3 DR | G3: HC-6 DR Floor | H3: HC-7 DR Integ | I3: Eligible Prod | J3: Eligible NonProd | K3: Eligible DR
A4: =Capacity_Usage!B4 | B4: =Capacity_Usage!C4 | C4: =Setup!$B$7 | D4: =IF(AND(Capacity_Usage!K4>=Setup!$B$7,Capacity_Usage!K4-Setup!$B$7>=Policy!$B$15),"PASS","FAIL") | E4: =IF(AND(Capacity_Usage!N4>=Setup!$B$7,Capacity_Usage!Q4-Setup!$B$7>=Policy!$B$16),"PASS","FAIL") | F4: =IF(Capacity_Usage!S4>=Policy!$B$13,"PASS","FAIL") | G4: =IF(Capacity_Usage!S4+Capacity_Usage!N4>=Policy!$B$13,"PASS","FAIL") | H4: =IF(Capacity_Usage!P4+Setup!$B$7<=Capacity_Usage!O4-Policy!$B$13,"PASS","FAIL") | I4: =IF(D4="PASS","YES","NO") | J4: =IF(AND(E4="PASS",H4="PASS"),"YES","NO") | K4: =IF(AND(F4="PASS",G4="PASS"),"YES","NO")
A5: =Capacity_Usage!B5 | B5: =Capacity_Usage!C5 | C5: =Setup!$B$7 | D5: =IF(AND(Capacity_Usage!K5>=Setup!$B$7,Capacity_Usage!K5-Setup!$B$7>=Policy!$B$15),"PASS","FAIL") | E5: =IF(AND(Capacity_Usage!N5>=Setup!$B$7,Capacity_Usage!Q5-Setup!$B$7>=Policy!$B$16),"PASS","FAIL") | F5: =IF(Capacity_Usage!S5>=Policy!$B$13,"PASS","FAIL") | G5: =IF(Capacity_Usage!S5+Capacity_Usage!N5>=Policy!$B$13,"PASS","FAIL") | H5: =IF(Capacity_Usage!P5+Setup!$B$7<=Capacity_Usage!O5-Policy!$B$13,"PASS","FAIL") | I5: =IF(D5="PASS","YES","NO") | J5: =IF(AND(E5="PASS",H5="PASS"),"YES","NO") | K5: =IF(AND(F5="PASS",G5="PASS"),"YES","NO")
A6: =Capacity_Usage!B6 | B6: =Capacity_Usage!C6 | C6: =Setup!$B$7 | D6: =IF(AND(Capacity_Usage!K6>=Setup!$B$7,Capacity_Usage!K6-Setup!$B$7>=Policy!$B$15),"PASS","FAIL") | E6: =IF(AND(Capacity_Usage!N6>=Setup!$B$7,Capacity_Usage!Q6-Setup!$B$7>=Policy!$B$16),"PASS","FAIL") | F6: =IF(Capacity_Usage!S6>=Policy!$B$13,"PASS","FAIL") | G6: =IF(Capacity_Usage!S6+Capacity_Usage!N6>=Policy!$B$13,"PASS","FAIL") | H6: =IF(Capacity_Usage!P6+Setup!$B$7<=Capacity_Usage!O6-Policy!$B$13,"PASS","FAIL") | I6: =IF(D6="PASS","YES","NO") | J6: =IF(AND(E6="PASS",H6="PASS"),"YES","NO") | K6: =IF(AND(F6="PASS",G6="PASS"),"YES","NO")
A7: =Capacity_Usage!B7 | B7: =Capacity_Usage!C7 | C7: =Setup!$B$7 | D7: =IF(AND(Capacity_Usage!K7>=Setup!$B$7,Capacity_Usage!K7-Setup!$B$7>=Policy!$B$15),"PASS","FAIL") | E7: =IF(AND(Capacity_Usage!N7>=Setup!$B$7,Capacity_Usage!Q7-Setup!$B$7>=Policy!$B$16),"PASS","FAIL") | F7: =IF(Capacity_Usage!S7>=Policy!$B$13,"PASS","FAIL") | G7: =IF(Capacity_Usage!S7+Capacity_Usage!N7>=Policy!$B$13,"PASS","FAIL") | H7: =IF(Capacity_Usage!P7+Setup!$B$7<=Capacity_Usage!O7-Policy!$B$13,"PASS","FAIL") | I7: =IF(D7="PASS","YES","NO") | J7: =IF(AND(E7="PASS",H7="PASS"),"YES","NO") | K7: =IF(AND(F7="PASS",G7="PASS"),"YES","NO")
A8: =Capacity_Usage!B8 | B8: =Capacity_Usage!C8 | C8: =Setup!$B$7 | D8: =IF(AND(Capacity_Usage!K8>=Setup!$B$7,Capacity_Usage!K8-Setup!$B$7>=Policy!$B$15),"PASS","FAIL") | E8: =IF(AND(Capacity_Usage!N8>=Setup!$B$7,Capacity_Usage!Q8-Setup!$B$7>=Policy!$B$16),"PASS","FAIL") | F8: =IF(Capacity_Usage!S8>=Policy!$B$13,"PASS","FAIL") | G8: =IF(Capacity_Usage!S8+Capacity_Usage!N8>=Policy!$B$13,"PASS","FAIL") | H8: =IF(Capacity_Usage!P8+Setup!$B$7<=Capacity_Usage!O8-Policy!$B$13,"PASS","FAIL") | I8: =IF(D8="PASS","YES","NO") | J8: =IF(AND(E8="PASS",H8="PASS"),"YES","NO") | K8: =IF(AND(F8="PASS",G8="PASS"),"YES","NO")
A9: =Capacity_Usage!B9 | B9: =Capacity_Usage!C9 | C9: =Setup!$B$7 | D9: =IF(AND(Capacity_Usage!K9>=Setup!$B$7,Capacity_Usage!K9-Setup!$B$7>=Policy!$B$15),"PASS","FAIL") | E9: =IF(AND(Capacity_Usage!N9>=Setup!$B$7,Capacity_Usage!Q9-Setup!$B$7>=Policy!$B$16),"PASS","FAIL") | F9: =IF(Capacity_Usage!S9>=Policy!$B$13,"PASS","FAIL") | G9: =IF(Capacity_Usage!S9+Capacity_Usage!N9>=Policy!$B$13,"PASS","FAIL") | H9: =IF(Capacity_Usage!P9+Setup!$B$7<=Capacity_Usage!O9-Policy!$B$13,"PASS","FAIL") | I9: =IF(D9="PASS","YES","NO") | J9: =IF(AND(E9="PASS",H9="PASS"),"YES","NO") | K9: =IF(AND(F9="PASS",G9="PASS"),"YES","NO")
A10: =Capacity_Usage!B10 | B10: =Capacity_Usage!C10 | C10: =Setup!$B$7 | D10: =IF(AND(Capacity_Usage!K10>=Setup!$B$7,Capacity_Usage!K10-Setup!$B$7>=Policy!$B$15),"PASS","FAIL") | E10: =IF(AND(Capacity_Usage!N10>=Setup!$B$7,Capacity_Usage!Q10-Setup!$B$7>=Policy!$B$16),"PASS","FAIL") | F10: =IF(Capacity_Usage!S10>=Policy!$B$13,"PASS","FAIL") | G10: =IF(Capacity_Usage!S10+Capacity_Usage!N10>=Policy!$B$13,"PASS","FAIL") | H10: =IF(Capacity_Usage!P10+Setup!$B$7<=Capacity_Usage!O10-Policy!$B$13,"PASS","FAIL") | I10: =IF(D10="PASS","YES","NO") | J10: =IF(AND(E10="PASS",H10="PASS"),"YES","NO") | K10: =IF(AND(F10="PASS",G10="PASS"),"YES","NO")
A11: =Capacity_Usage!B11 | B11: =Capacity_Usage!C11 | C11: =Setup!$B$7 | D11: =IF(AND(Capacity_Usage!K11>=Setup!$B$7,Capacity_Usage!K11-Setup!$B$7>=Policy!$B$15),"PASS","FAIL") | E11: =IF(AND(Capacity_Usage!N11>=Setup!$B$7,Capacity_Usage!Q11-Setup!$B$7>=Policy!$B$16),"PASS","FAIL") | F11: =IF(Capacity_Usage!S11>=Policy!$B$13,"PASS","FAIL") | G11: =IF(Capacity_Usage!S11+Capacity_Usage!N11>=Policy!$B$13,"PASS","FAIL") | H11: =IF(Capacity_Usage!P11+Setup!$B$7<=Capacity_Usage!O11-Policy!$B$13,"PASS","FAIL") | I11: =IF(D11="PASS","YES","NO") | J11: =IF(AND(E11="PASS",H11="PASS"),"YES","NO") | K11: =IF(AND(F11="PASS",G11="PASS"),"YES","NO")
A12: =Capacity_Usage!B12 | B12: =Capacity_Usage!C12 | C12: =Setup!$B$7 | D12: =IF(AND(Capacity_Usage!K12>=Setup!$B$7,Capacity_Usage!K12-Setup!$B$7>=Policy!$B$15),"PASS","FAIL") | E12: =IF(AND(Capacity_Usage!N12>=Setup!$B$7,Capacity_Usage!Q12-Setup!$B$7>=Policy!$B$16),"PASS","FAIL") | F12: =IF(Capacity_Usage!S12>=Policy!$B$13,"PASS","FAIL") | G12: =IF(Capacity_Usage!S12+Capacity_Usage!N12>=Policy!$B$13,"PASS","FAIL") | H12: =IF(Capacity_Usage!P12+Setup!$B$7<=Capacity_Usage!O12-Policy!$B$13,"PASS","FAIL") | I12: =IF(D12="PASS","YES","NO") | J12: =IF(AND(E12="PASS",H12="PASS"),"YES","NO") | K12: =IF(AND(F12="PASS",G12="PASS"),"YES","NO")
A13: =Capacity_Usage!B13 | B13: =Capacity_Usage!C13 | C13: =Setup!$B$7 | D13: =IF(AND(Capacity_Usage!K13>=Setup!$B$7,Capacity_Usage!K13-Setup!$B$7>=Policy!$B$15),"PASS","FAIL") | E13: =IF(AND(Capacity_Usage!N13>=Setup!$B$7,Capacity_Usage!Q13-Setup!$B$7>=Policy!$B$16),"PASS","FAIL") | F13: =IF(Capacity_Usage!S13>=Policy!$B$13,"PASS","FAIL") | G13: =IF(Capacity_Usage!S13+Capacity_Usage!N13>=Policy!$B$13,"PASS","FAIL") | H13: =IF(Capacity_Usage!P13+Setup!$B$7<=Capacity_Usage!O13-Policy!$B$13,"PASS","FAIL") | I13: =IF(D13="PASS","YES","NO") | J13: =IF(AND(E13="PASS",H13="PASS"),"YES","NO") | K13: =IF(AND(F13="PASS",G13="PASS"),"YES","NO")
A14: =Capacity_Usage!B14 | B14: =Capacity_Usage!C14 | C14: =Setup!$B$7 | D14: =IF(AND(Capacity_Usage!K14>=Setup!$B$7,Capacity_Usage!K14-Setup!$B$7>=Policy!$B$15),"PASS","FAIL") | E14: =IF(AND(Capacity_Usage!N14>=Setup!$B$7,Capacity_Usage!Q14-Setup!$B$7>=Policy!$B$16),"PASS","FAIL") | F14: =IF(Capacity_Usage!S14>=Policy!$B$13,"PASS","FAIL") | G14: =IF(Capacity_Usage!S14+Capacity_Usage!N14>=Policy!$B$13,"PASS","FAIL") | H14: =IF(Capacity_Usage!P14+Setup!$B$7<=Capacity_Usage!O14-Policy!$B$13,"PASS","FAIL") | I14: =IF(D14="PASS","YES","NO") | J14: =IF(AND(E14="PASS",H14="PASS"),"YES","NO") | K14: =IF(AND(F14="PASS",G14="PASS"),"YES","NO")

Sheet Scoring_Prod
A1: PS_Prod — Production Placement Score | S1: PROD WINNER
S2: Selection mode | T2: =IF(Setup!$B$8="","Engine argmax","Customer-supplied")
A3: Region | B3: Geography | C3: InScope | D3: Eligible | E3: total_cust | F3: α_raw | G3: α_c | H3: β_raw | I3: β_c | J3: γ_raw | K3: γ_c | L3: δ_raw | M3: δ_c | N3: ε_raw | O3: ε_c | P3: PS | Q3: Candidate | S3: Region | T3: =IF(Setup!$B$8<>"",Setup!$B$8,IF(MAX(Q4:Q14)<0,"NONE ELIGIBLE",INDEX(A4:A14,MATCH(MAX(Q4:Q14),Q4:Q14,0))))
A4: =Capacity_Usage!B4 | B4: =Capacity_Usage!C4 | C4: =IF(Capacity_Usage!C4=Setup!$B$3,1,0) | D4: =IF(HC_Gate!I4="YES",1,0) | E4: =IF(Policy!$B$10=1,SUMIFS(Capacity_Usage!$U$4:$U$14,Capacity_Usage!$C$4:$C$14,Capacity_Usage!C4),IF(Policy!$B$10=2,VLOOKUP(Capacity_Usage!C4,Policy!$D$11:$E$15,2,FALSE),Policy!$B$11)) | F4: =Capacity_Usage!N4/Capacity_Usage!F4 | G4: =MIN(MAX(F4,0),1) | H4: =Capacity_Usage!K4/Capacity_Usage!I4 | I4: =MIN(MAX(H4,0),1) | J4: =1-Capacity_Usage!U4/E4 | K4: =MIN(MAX(J4,0),1) | L4: =Capacity_Usage!T4 | M4: =MIN(MAX(L4,0),1) | N4: =Capacity_Usage!E4/3 | O4: =MIN(MAX(N4,0),1) | P4: =Policy!$B$2*G4+Policy!$B$3*I4+Policy!$B$4*K4+Policy!$B$5*M4+Policy!$B$6*O4 | Q4: =IF(AND(C4=1,D4=1),P4,-1) | S4: Score | T4: =IF(Setup!$B$8<>"",INDEX(P4:P14,MATCH(Setup!$B$8,A4:A14,0)),IF(MAX(Q4:Q14)<0,"",MAX(Q4:Q14)))
A5: =Capacity_Usage!B5 | B5: =Capacity_Usage!C5 | C5: =IF(Capacity_Usage!C5=Setup!$B$3,1,0) | D5: =IF(HC_Gate!I5="YES",1,0) | E5: =IF(Policy!$B$10=1,SUMIFS(Capacity_Usage!$U$4:$U$14,Capacity_Usage!$C$4:$C$14,Capacity_Usage!C5),IF(Policy!$B$10=2,VLOOKUP(Capacity_Usage!C5,Policy!$D$11:$E$15,2,FALSE),Policy!$B$11)) | F5: =Capacity_Usage!N5/Capacity_Usage!F5 | G5: =MIN(MAX(F5,0),1) | H5: =Capacity_Usage!K5/Capacity_Usage!I5 | I5: =MIN(MAX(H5,0),1) | J5: =1-Capacity_Usage!U5/E5 | K5: =MIN(MAX(J5,0),1) | L5: =Capacity_Usage!T5 | M5: =MIN(MAX(L5,0),1) | N5: =Capacity_Usage!E5/3 | O5: =MIN(MAX(N5,0),1) | P5: =Policy!$B$2*G5+Policy!$B$3*I5+Policy!$B$4*K5+Policy!$B$5*M5+Policy!$B$6*O5 | Q5: =IF(AND(C5=1,D5=1),P5,-1)
A6: =Capacity_Usage!B6 | B6: =Capacity_Usage!C6 | C6: =IF(Capacity_Usage!C6=Setup!$B$3,1,0) | D6: =IF(HC_Gate!I6="YES",1,0) | E6: =IF(Policy!$B$10=1,SUMIFS(Capacity_Usage!$U$4:$U$14,Capacity_Usage!$C$4:$C$14,Capacity_Usage!C6),IF(Policy!$B$10=2,VLOOKUP(Capacity_Usage!C6,Policy!$D$11:$E$15,2,FALSE),Policy!$B$11)) | F6: =Capacity_Usage!N6/Capacity_Usage!F6 | G6: =MIN(MAX(F6,0),1) | H6: =Capacity_Usage!K6/Capacity_Usage!I6 | I6: =MIN(MAX(H6,0),1) | J6: =1-Capacity_Usage!U6/E6 | K6: =MIN(MAX(J6,0),1) | L6: =Capacity_Usage!T6 | M6: =MIN(MAX(L6,0),1) | N6: =Capacity_Usage!E6/3 | O6: =MIN(MAX(N6,0),1) | P6: =Policy!$B$2*G6+Policy!$B$3*I6+Policy!$B$4*K6+Policy!$B$5*M6+Policy!$B$6*O6 | Q6: =IF(AND(C6=1,D6=1),P6,-1)
A7: =Capacity_Usage!B7 | B7: =Capacity_Usage!C7 | C7: =IF(Capacity_Usage!C7=Setup!$B$3,1,0) | D7: =IF(HC_Gate!I7="YES",1,0) | E7: =IF(Policy!$B$10=1,SUMIFS(Capacity_Usage!$U$4:$U$14,Capacity_Usage!$C$4:$C$14,Capacity_Usage!C7),IF(Policy!$B$10=2,VLOOKUP(Capacity_Usage!C7,Policy!$D$11:$E$15,2,FALSE),Policy!$B$11)) | F7: =Capacity_Usage!N7/Capacity_Usage!F7 | G7: =MIN(MAX(F7,0),1) | H7: =Capacity_Usage!K7/Capacity_Usage!I7 | I7: =MIN(MAX(H7,0),1) | J7: =1-Capacity_Usage!U7/E7 | K7: =MIN(MAX(J7,0),1) | L7: =Capacity_Usage!T7 | M7: =MIN(MAX(L7,0),1) | N7: =Capacity_Usage!E7/3 | O7: =MIN(MAX(N7,0),1) | P7: =Policy!$B$2*G7+Policy!$B$3*I7+Policy!$B$4*K7+Policy!$B$5*M7+Policy!$B$6*O7 | Q7: =IF(AND(C7=1,D7=1),P7,-1)
A8: =Capacity_Usage!B8 | B8: =Capacity_Usage!C8 | C8: =IF(Capacity_Usage!C8=Setup!$B$3,1,0) | D8: =IF(HC_Gate!I8="YES",1,0) | E8: =IF(Policy!$B$10=1,SUMIFS(Capacity_Usage!$U$4:$U$14,Capacity_Usage!$C$4:$C$14,Capacity_Usage!C8),IF(Policy!$B$10=2,VLOOKUP(Capacity_Usage!C8,Policy!$D$11:$E$15,2,FALSE),Policy!$B$11)) | F8: =Capacity_Usage!N8/Capacity_Usage!F8 | G8: =MIN(MAX(F8,0),1) | H8: =Capacity_Usage!K8/Capacity_Usage!I8 | I8: =MIN(MAX(H8,0),1) | J8: =1-Capacity_Usage!U8/E8 | K8: =MIN(MAX(J8,0),1) | L8: =Capacity_Usage!T8 | M8: =MIN(MAX(L8,0),1) | N8: =Capacity_Usage!E8/3 | O8: =MIN(MAX(N8,0),1) | P8: =Policy!$B$2*G8+Policy!$B$3*I8+Policy!$B$4*K8+Policy!$B$5*M8+Policy!$B$6*O8 | Q8: =IF(AND(C8=1,D8=1),P8,-1)
A9: =Capacity_Usage!B9 | B9: =Capacity_Usage!C9 | C9: =IF(Capacity_Usage!C9=Setup!$B$3,1,0) | D9: =IF(HC_Gate!I9="YES",1,0) | E9: =IF(Policy!$B$10=1,SUMIFS(Capacity_Usage!$U$4:$U$14,Capacity_Usage!$C$4:$C$14,Capacity_Usage!C9),IF(Policy!$B$10=2,VLOOKUP(Capacity_Usage!C9,Policy!$D$11:$E$15,2,FALSE),Policy!$B$11)) | F9: =Capacity_Usage!N9/Capacity_Usage!F9 | G9: =MIN(MAX(F9,0),1) | H9: =Capacity_Usage!K9/Capacity_Usage!I9 | I9: =MIN(MAX(H9,0),1) | J9: =1-Capacity_Usage!U9/E9 | K9: =MIN(MAX(J9,0),1) | L9: =Capacity_Usage!T9 | M9: =MIN(MAX(L9,0),1) | N9: =Capacity_Usage!E9/3 | O9: =MIN(MAX(N9,0),1) | P9: =Policy!$B$2*G9+Policy!$B$3*I9+Policy!$B$4*K9+Policy!$B$5*M9+Policy!$B$6*O9 | Q9: =IF(AND(C9=1,D9=1),P9,-1)
A10: =Capacity_Usage!B10 | B10: =Capacity_Usage!C10 | C10: =IF(Capacity_Usage!C10=Setup!$B$3,1,0) | D10: =IF(HC_Gate!I10="YES",1,0) | E10: =IF(Policy!$B$10=1,SUMIFS(Capacity_Usage!$U$4:$U$14,Capacity_Usage!$C$4:$C$14,Capacity_Usage!C10),IF(Policy!$B$10=2,VLOOKUP(Capacity_Usage!C10,Policy!$D$11:$E$15,2,FALSE),Policy!$B$11)) | F10: =Capacity_Usage!N10/Capacity_Usage!F10 | G10: =MIN(MAX(F10,0),1) | H10: =Capacity_Usage!K10/Capacity_Usage!I10 | I10: =MIN(MAX(H10,0),1) | J10: =1-Capacity_Usage!U10/E10 | K10: =MIN(MAX(J10,0),1) | L10: =Capacity_Usage!T10 | M10: =MIN(MAX(L10,0),1) | N10: =Capacity_Usage!E10/3 | O10: =MIN(MAX(N10,0),1) | P10: =Policy!$B$2*G10+Policy!$B$3*I10+Policy!$B$4*K10+Policy!$B$5*M10+Policy!$B$6*O10 | Q10: =IF(AND(C10=1,D10=1),P10,-1)
A11: =Capacity_Usage!B11 | B11: =Capacity_Usage!C11 | C11: =IF(Capacity_Usage!C11=Setup!$B$3,1,0) | D11: =IF(HC_Gate!I11="YES",1,0) | E11: =IF(Policy!$B$10=1,SUMIFS(Capacity_Usage!$U$4:$U$14,Capacity_Usage!$C$4:$C$14,Capacity_Usage!C11),IF(Policy!$B$10=2,VLOOKUP(Capacity_Usage!C11,Policy!$D$11:$E$15,2,FALSE),Policy!$B$11)) | F11: =Capacity_Usage!N11/Capacity_Usage!F11 | G11: =MIN(MAX(F11,0),1) | H11: =Capacity_Usage!K11/Capacity_Usage!I11 | I11: =MIN(MAX(H11,0),1) | J11: =1-Capacity_Usage!U11/E11 | K11: =MIN(MAX(J11,0),1) | L11: =Capacity_Usage!T11 | M11: =MIN(MAX(L11,0),1) | N11: =Capacity_Usage!E11/3 | O11: =MIN(MAX(N11,0),1) | P11: =Policy!$B$2*G11+Policy!$B$3*I11+Policy!$B$4*K11+Policy!$B$5*M11+Policy!$B$6*O11 | Q11: =IF(AND(C11=1,D11=1),P11,-1)
A12: =Capacity_Usage!B12 | B12: =Capacity_Usage!C12 | C12: =IF(Capacity_Usage!C12=Setup!$B$3,1,0) | D12: =IF(HC_Gate!I12="YES",1,0) | E12: =IF(Policy!$B$10=1,SUMIFS(Capacity_Usage!$U$4:$U$14,Capacity_Usage!$C$4:$C$14,Capacity_Usage!C12),IF(Policy!$B$10=2,VLOOKUP(Capacity_Usage!C12,Policy!$D$11:$E$15,2,FALSE),Policy!$B$11)) | F12: =Capacity_Usage!N12/Capacity_Usage!F12 | G12: =MIN(MAX(F12,0),1) | H12: =Capacity_Usage!K12/Capacity_Usage!I12 | I12: =MIN(MAX(H12,0),1) | J12: =1-Capacity_Usage!U12/E12 | K12: =MIN(MAX(J12,0),1) | L12: =Capacity_Usage!T12 | M12: =MIN(MAX(L12,0),1) | N12: =Capacity_Usage!E12/3 | O12: =MIN(MAX(N12,0),1) | P12: =Policy!$B$2*G12+Policy!$B$3*I12+Policy!$B$4*K12+Policy!$B$5*M12+Policy!$B$6*O12 | Q12: =IF(AND(C12=1,D12=1),P12,-1)
A13: =Capacity_Usage!B13 | B13: =Capacity_Usage!C13 | C13: =IF(Capacity_Usage!C13=Setup!$B$3,1,0) | D13: =IF(HC_Gate!I13="YES",1,0) | E13: =IF(Policy!$B$10=1,SUMIFS(Capacity_Usage!$U$4:$U$14,Capacity_Usage!$C$4:$C$14,Capacity_Usage!C13),IF(Policy!$B$10=2,VLOOKUP(Capacity_Usage!C13,Policy!$D$11:$E$15,2,FALSE),Policy!$B$11)) | F13: =Capacity_Usage!N13/Capacity_Usage!F13 | G13: =MIN(MAX(F13,0),1) | H13: =Capacity_Usage!K13/Capacity_Usage!I13 | I13: =MIN(MAX(H13,0),1) | J13: =1-Capacity_Usage!U13/E13 | K13: =MIN(MAX(J13,0),1) | L13: =Capacity_Usage!T13 | M13: =MIN(MAX(L13,0),1) | N13: =Capacity_Usage!E13/3 | O13: =MIN(MAX(N13,0),1) | P13: =Policy!$B$2*G13+Policy!$B$3*I13+Policy!$B$4*K13+Policy!$B$5*M13+Policy!$B$6*O13 | Q13: =IF(AND(C13=1,D13=1),P13,-1)
A14: =Capacity_Usage!B14 | B14: =Capacity_Usage!C14 | C14: =IF(Capacity_Usage!C14=Setup!$B$3,1,0) | D14: =IF(HC_Gate!I14="YES",1,0) | E14: =IF(Policy!$B$10=1,SUMIFS(Capacity_Usage!$U$4:$U$14,Capacity_Usage!$C$4:$C$14,Capacity_Usage!C14),IF(Policy!$B$10=2,VLOOKUP(Capacity_Usage!C14,Policy!$D$11:$E$15,2,FALSE),Policy!$B$11)) | F14: =Capacity_Usage!N14/Capacity_Usage!F14 | G14: =MIN(MAX(F14,0),1) | H14: =Capacity_Usage!K14/Capacity_Usage!I14 | I14: =MIN(MAX(H14,0),1) | J14: =1-Capacity_Usage!U14/E14 | K14: =MIN(MAX(J14,0),1) | L14: =Capacity_Usage!T14 | M14: =MIN(MAX(L14,0),1) | N14: =Capacity_Usage!E14/3 | O14: =MIN(MAX(N14,0),1) | P14: =Policy!$B$2*G14+Policy!$B$3*I14+Policy!$B$4*K14+Policy!$B$5*M14+Policy!$B$6*O14 | Q14: =IF(AND(C14=1,D14=1),P14,-1)

Sheet Scoring_CVAL
A1: PS_NonProd — CVAL Placement Score (δ duplicates α — known design gap) | S1: CVAL WINNER
S2: Region | T2: =IF(Setup!$B$3="Middle East",Scoring_Prod!$T$3,IF(MAX(Q4:Q14)<0,"NONE ELIGIBLE",INDEX(A4:A14,MATCH(MAX(Q4:Q14),Q4:Q14,0))))
A3: Region | B3: Geography | C3: InScope | D3: Eligible | E3: total_cust | F3: α_raw | G3: α_c | H3: β_raw | I3: β_c | J3: γ_raw | K3: γ_c | L3: δ_raw | M3: δ_c | N3: ε_raw | O3: ε_c | P3: PS | Q3: Candidate | S3: Score | T3: =IF(Setup!$B$3="Middle East",Scoring_Prod!$T$4,IF(MAX(Q4:Q14)<0,"",MAX(Q4:Q14)))
A4: =Capacity_Usage!B4 | B4: =Capacity_Usage!C4 | C4: =IF(Capacity_Usage!C4=Setup!$B$3,1,0) | D4: =IF(HC_Gate!J4="YES",1,0) | E4: =IF(Policy!$B$10=1,SUMIFS(Capacity_Usage!$U$4:$U$14,Capacity_Usage!$C$4:$C$14,Capacity_Usage!C4),IF(Policy!$B$10=2,VLOOKUP(Capacity_Usage!C4,Policy!$D$11:$E$15,2,FALSE),Policy!$B$11)) | F4: =Capacity_Usage!N4/Capacity_Usage!L4 | G4: =MIN(MAX(F4,0),1) | H4: =Capacity_Usage!Q4/Capacity_Usage!O4 | I4: =MIN(MAX(H4,0),1) | J4: =1-Capacity_Usage!U4/E4 | K4: =MIN(MAX(J4,0),1) | L4: =Capacity_Usage!N4/Capacity_Usage!L4 | M4: =MIN(MAX(L4,0),1) | N4: =Capacity_Usage!E4/3 | O4: =MIN(MAX(N4,0),1) | P4: =Policy!$B$2*G4+Policy!$B$3*I4+Policy!$B$4*K4+Policy!$B$5*M4+Policy!$B$6*O4 | Q4: =IF(AND(C4=1,D4=1,A4<>Scoring_Prod!$T$3),P4,-1)
A5: =Capacity_Usage!B5 | B5: =Capacity_Usage!C5 | C5: =IF(Capacity_Usage!C5=Setup!$B$3,1,0) | D5: =IF(HC_Gate!J5="YES",1,0) | E5: =IF(Policy!$B$10=1,SUMIFS(Capacity_Usage!$U$4:$U$14,Capacity_Usage!$C$4:$C$14,Capacity_Usage!C5),IF(Policy!$B$10=2,VLOOKUP(Capacity_Usage!C5,Policy!$D$11:$E$15,2,FALSE),Policy!$B$11)) | F5: =Capacity_Usage!N5/Capacity_Usage!L5 | G5: =MIN(MAX(F5,0),1) | H5: =Capacity_Usage!Q5/Capacity_Usage!O5 | I5: =MIN(MAX(H5,0),1) | J5: =1-Capacity_Usage!U5/E5 | K5: =MIN(MAX(J5,0),1) | L5: =Capacity_Usage!N5/Capacity_Usage!L5 | M5: =MIN(MAX(L5,0),1) | N5: =Capacity_Usage!E5/3 | O5: =MIN(MAX(N5,0),1) | P5: =Policy!$B$2*G5+Policy!$B$3*I5+Policy!$B$4*K5+Policy!$B$5*M5+Policy!$B$6*O5 | Q5: =IF(AND(C5=1,D5=1,A5<>Scoring_Prod!$T$3),P5,-1)
A6: =Capacity_Usage!B6 | B6: =Capacity_Usage!C6 | C6: =IF(Capacity_Usage!C6=Setup!$B$3,1,0) | D6: =IF(HC_Gate!J6="YES",1,0) | E6: =IF(Policy!$B$10=1,SUMIFS(Capacity_Usage!$U$4:$U$14,Capacity_Usage!$C$4:$C$14,Capacity_Usage!C6),IF(Policy!$B$10=2,VLOOKUP(Capacity_Usage!C6,Policy!$D$11:$E$15,2,FALSE),Policy!$B$11)) | F6: =Capacity_Usage!N6/Capacity_Usage!L6 | G6: =MIN(MAX(F6,0),1) | H6: =Capacity_Usage!Q6/Capacity_Usage!O6 | I6: =MIN(MAX(H6,0),1) | J6: =1-Capacity_Usage!U6/E6 | K6: =MIN(MAX(J6,0),1) | L6: =Capacity_Usage!N6/Capacity_Usage!L6 | M6: =MIN(MAX(L6,0),1) | N6: =Capacity_Usage!E6/3 | O6: =MIN(MAX(N6,0),1) | P6: =Policy!$B$2*G6+Policy!$B$3*I6+Policy!$B$4*K6+Policy!$B$5*M6+Policy!$B$6*O6 | Q6: =IF(AND(C6=1,D6=1,A6<>Scoring_Prod!$T$3),P6,-1)
A7: =Capacity_Usage!B7 | B7: =Capacity_Usage!C7 | C7: =IF(Capacity_Usage!C7=Setup!$B$3,1,0) | D7: =IF(HC_Gate!J7="YES",1,0) | E7: =IF(Policy!$B$10=1,SUMIFS(Capacity_Usage!$U$4:$U$14,Capacity_Usage!$C$4:$C$14,Capacity_Usage!C7),IF(Policy!$B$10=2,VLOOKUP(Capacity_Usage!C7,Policy!$D$11:$E$15,2,FALSE),Policy!$B$11)) | F7: =Capacity_Usage!N7/Capacity_Usage!L7 | G7: =MIN(MAX(F7,0),1) | H7: =Capacity_Usage!Q7/Capacity_Usage!O7 | I7: =MIN(MAX(H7,0),1) | J7: =1-Capacity_Usage!U7/E7 | K7: =MIN(MAX(J7,0),1) | L7: =Capacity_Usage!N7/Capacity_Usage!L7 | M7: =MIN(MAX(L7,0),1) | N7: =Capacity_Usage!E7/3 | O7: =MIN(MAX(N7,0),1) | P7: =Policy!$B$2*G7+Policy!$B$3*I7+Policy!$B$4*K7+Policy!$B$5*M7+Policy!$B$6*O7 | Q7: =IF(AND(C7=1,D7=1,A7<>Scoring_Prod!$T$3),P7,-1)
A8: =Capacity_Usage!B8 | B8: =Capacity_Usage!C8 | C8: =IF(Capacity_Usage!C8=Setup!$B$3,1,0) | D8: =IF(HC_Gate!J8="YES",1,0) | E8: =IF(Policy!$B$10=1,SUMIFS(Capacity_Usage!$U$4:$U$14,Capacity_Usage!$C$4:$C$14,Capacity_Usage!C8),IF(Policy!$B$10=2,VLOOKUP(Capacity_Usage!C8,Policy!$D$11:$E$15,2,FALSE),Policy!$B$11)) | F8: =Capacity_Usage!N8/Capacity_Usage!L8 | G8: =MIN(MAX(F8,0),1) | H8: =Capacity_Usage!Q8/Capacity_Usage!O8 | I8: =MIN(MAX(H8,0),1) | J8: =1-Capacity_Usage!U8/E8 | K8: =MIN(MAX(J8,0),1) | L8: =Capacity_Usage!N8/Capacity_Usage!L8 | M8: =MIN(MAX(L8,0),1) | N8: =Capacity_Usage!E8/3 | O8: =MIN(MAX(N8,0),1) | P8: =Policy!$B$2*G8+Policy!$B$3*I8+Policy!$B$4*K8+Policy!$B$5*M8+Policy!$B$6*O8 | Q8: =IF(AND(C8=1,D8=1,A8<>Scoring_Prod!$T$3),P8,-1)
A9: =Capacity_Usage!B9 | B9: =Capacity_Usage!C9 | C9: =IF(Capacity_Usage!C9=Setup!$B$3,1,0) | D9: =IF(HC_Gate!J9="YES",1,0) | E9: =IF(Policy!$B$10=1,SUMIFS(Capacity_Usage!$U$4:$U$14,Capacity_Usage!$C$4:$C$14,Capacity_Usage!C9),IF(Policy!$B$10=2,VLOOKUP(Capacity_Usage!C9,Policy!$D$11:$E$15,2,FALSE),Policy!$B$11)) | F9: =Capacity_Usage!N9/Capacity_Usage!L9 | G9: =MIN(MAX(F9,0),1) | H9: =Capacity_Usage!Q9/Capacity_Usage!O9 | I9: =MIN(MAX(H9,0),1) | J9: =1-Capacity_Usage!U9/E9 | K9: =MIN(MAX(J9,0),1) | L9: =Capacity_Usage!N9/Capacity_Usage!L9 | M9: =MIN(MAX(L9,0),1) | N9: =Capacity_Usage!E9/3 | O9: =MIN(MAX(N9,0),1) | P9: =Policy!$B$2*G9+Policy!$B$3*I9+Policy!$B$4*K9+Policy!$B$5*M9+Policy!$B$6*O9 | Q9: =IF(AND(C9=1,D9=1,A9<>Scoring_Prod!$T$3),P9,-1)
A10: =Capacity_Usage!B10 | B10: =Capacity_Usage!C10 | C10: =IF(Capacity_Usage!C10=Setup!$B$3,1,0) | D10: =IF(HC_Gate!J10="YES",1,0) | E10: =IF(Policy!$B$10=1,SUMIFS(Capacity_Usage!$U$4:$U$14,Capacity_Usage!$C$4:$C$14,Capacity_Usage!C10),IF(Policy!$B$10=2,VLOOKUP(Capacity_Usage!C10,Policy!$D$11:$E$15,2,FALSE),Policy!$B$11)) | F10: =Capacity_Usage!N10/Capacity_Usage!L10 | G10: =MIN(MAX(F10,0),1) | H10: =Capacity_Usage!Q10/Capacity_Usage!O10 | I10: =MIN(MAX(H10,0),1) | J10: =1-Capacity_Usage!U10/E10 | K10: =MIN(MAX(J10,0),1) | L10: =Capacity_Usage!N10/Capacity_Usage!L10 | M10: =MIN(MAX(L10,0),1) | N10: =Capacity_Usage!E10/3 | O10: =MIN(MAX(N10,0),1) | P10: =Policy!$B$2*G10+Policy!$B$3*I10+Policy!$B$4*K10+Policy!$B$5*M10+Policy!$B$6*O10 | Q10: =IF(AND(C10=1,D10=1,A10<>Scoring_Prod!$T$3),P10,-1)
A11: =Capacity_Usage!B11 | B11: =Capacity_Usage!C11 | C11: =IF(Capacity_Usage!C11=Setup!$B$3,1,0) | D11: =IF(HC_Gate!J11="YES",1,0) | E11: =IF(Policy!$B$10=1,SUMIFS(Capacity_Usage!$U$4:$U$14,Capacity_Usage!$C$4:$C$14,Capacity_Usage!C11),IF(Policy!$B$10=2,VLOOKUP(Capacity_Usage!C11,Policy!$D$11:$E$15,2,FALSE),Policy!$B$11)) | F11: =Capacity_Usage!N11/Capacity_Usage!L11 | G11: =MIN(MAX(F11,0),1) | H11: =Capacity_Usage!Q11/Capacity_Usage!O11 | I11: =MIN(MAX(H11,0),1) | J11: =1-Capacity_Usage!U11/E11 | K11: =MIN(MAX(J11,0),1) | L11: =Capacity_Usage!N11/Capacity_Usage!L11 | M11: =MIN(MAX(L11,0),1) | N11: =Capacity_Usage!E11/3 | O11: =MIN(MAX(N11,0),1) | P11: =Policy!$B$2*G11+Policy!$B$3*I11+Policy!$B$4*K11+Policy!$B$5*M11+Policy!$B$6*O11 | Q11: =IF(AND(C11=1,D11=1,A11<>Scoring_Prod!$T$3),P11,-1)
A12: =Capacity_Usage!B12 | B12: =Capacity_Usage!C12 | C12: =IF(Capacity_Usage!C12=Setup!$B$3,1,0) | D12: =IF(HC_Gate!J12="YES",1,0) | E12: =IF(Policy!$B$10=1,SUMIFS(Capacity_Usage!$U$4:$U$14,Capacity_Usage!$C$4:$C$14,Capacity_Usage!C12),IF(Policy!$B$10=2,VLOOKUP(Capacity_Usage!C12,Policy!$D$11:$E$15,2,FALSE),Policy!$B$11)) | F12: =Capacity_Usage!N12/Capacity_Usage!L12 | G12: =MIN(MAX(F12,0),1) | H12: =Capacity_Usage!Q12/Capacity_Usage!O12 | I12: =MIN(MAX(H12,0),1) | J12: =1-Capacity_Usage!U12/E12 | K12: =MIN(MAX(J12,0),1) | L12: =Capacity_Usage!N12/Capacity_Usage!L12 | M12: =MIN(MAX(L12,0),1) | N12: =Capacity_Usage!E12/3 | O12: =MIN(MAX(N12,0),1) | P12: =Policy!$B$2*G12+Policy!$B$3*I12+Policy!$B$4*K12+Policy!$B$5*M12+Policy!$B$6*O12 | Q12: =IF(AND(C12=1,D12=1,A12<>Scoring_Prod!$T$3),P12,-1)
A13: =Capacity_Usage!B13 | B13: =Capacity_Usage!C13 | C13: =IF(Capacity_Usage!C13=Setup!$B$3,1,0) | D13: =IF(HC_Gate!J13="YES",1,0) | E13: =IF(Policy!$B$10=1,SUMIFS(Capacity_Usage!$U$4:$U$14,Capacity_Usage!$C$4:$C$14,Capacity_Usage!C13),IF(Policy!$B$10=2,VLOOKUP(Capacity_Usage!C13,Policy!$D$11:$E$15,2,FALSE),Policy!$B$11)) | F13: =Capacity_Usage!N13/Capacity_Usage!L13 | G13: =MIN(MAX(F13,0),1) | H13: =Capacity_Usage!Q13/Capacity_Usage!O13 | I13: =MIN(MAX(H13,0),1) | J13: =1-Capacity_Usage!U13/E13 | K13: =MIN(MAX(J13,0),1) | L13: =Capacity_Usage!N13/Capacity_Usage!L13 | M13: =MIN(MAX(L13,0),1) | N13: =Capacity_Usage!E13/3 | O13: =MIN(MAX(N13,0),1) | P13: =Policy!$B$2*G13+Policy!$B$3*I13+Policy!$B$4*K13+Policy!$B$5*M13+Policy!$B$6*O13 | Q13: =IF(AND(C13=1,D13=1,A13<>Scoring_Prod!$T$3),P13,-1)
A14: =Capacity_Usage!B14 | B14: =Capacity_Usage!C14 | C14: =IF(Capacity_Usage!C14=Setup!$B$3,1,0) | D14: =IF(HC_Gate!J14="YES",1,0) | E14: =IF(Policy!$B$10=1,SUMIFS(Capacity_Usage!$U$4:$U$14,Capacity_Usage!$C$4:$C$14,Capacity_Usage!C14),IF(Policy!$B$10=2,VLOOKUP(Capacity_Usage!C14,Policy!$D$11:$E$15,2,FALSE),Policy!$B$11)) | F14: =Capacity_Usage!N14/Capacity_Usage!L14 | G14: =MIN(MAX(F14,0),1) | H14: =Capacity_Usage!Q14/Capacity_Usage!O14 | I14: =MIN(MAX(H14,0),1) | J14: =1-Capacity_Usage!U14/E14 | K14: =MIN(MAX(J14,0),1) | L14: =Capacity_Usage!N14/Capacity_Usage!L14 | M14: =MIN(MAX(L14,0),1) | N14: =Capacity_Usage!E14/3 | O14: =MIN(MAX(N14,0),1) | P14: =Policy!$B$2*G14+Policy!$B$3*I14+Policy!$B$4*K14+Policy!$B$5*M14+Policy!$B$6*O14 | Q14: =IF(AND(C14=1,D14=1,A14<>Scoring_Prod!$T$3),P14,-1)

Sheet Scoring_DR
A1: PS_DR — DR Placement Score (Middle East scores EU regions cross-geo) | S1: DR WINNER
S2: Region | T2: =IF(Setup!$B$10="2-region",Scoring_CVAL!$T$2,IF(MAX(Q4:Q14)<0,"NONE ELIGIBLE",INDEX(A4:A14,MATCH(MAX(Q4:Q14),Q4:Q14,0))))
A3: Region | B3: Geography | C3: InScope | D3: Eligible | E3: total_cust | F3: α_raw | G3: α_c | H3: β_raw | I3: β_c | J3: γ_raw | K3: γ_c | L3: δ_raw | M3: δ_c | N3: ε_raw | O3: ε_c | P3: PS | Q3: Candidate | S3: Score | T3: =IF(Setup!$B$10="2-region",Scoring_CVAL!$T$3,IF(MAX(Q4:Q14)<0,"",MAX(Q4:Q14)))
A4: =Capacity_Usage!B4 | B4: =Capacity_Usage!C4 | C4: =IF(Capacity_Usage!C4=Setup!$B$11,1,0) | D4: =IF(HC_Gate!K4="YES",1,0) | E4: =IF(Policy!$B$10=1,SUMIFS(Capacity_Usage!$U$4:$U$14,Capacity_Usage!$C$4:$C$14,Capacity_Usage!C4),IF(Policy!$B$10=2,VLOOKUP(Capacity_Usage!C4,Policy!$D$11:$E$15,2,FALSE),Policy!$B$11)) | F4: =Capacity_Usage!S4/Capacity_Usage!R4 | G4: =MIN(MAX(F4,0),1) | H4: =Capacity_Usage!Q4/Capacity_Usage!O4 | I4: =MIN(MAX(H4,0),1) | J4: =1-Capacity_Usage!U4/E4 | K4: =MIN(MAX(J4,0),1) | L4: =Capacity_Usage!T4/Policy!$B$14 | M4: =MIN(MAX(L4,0),1) | N4: =Capacity_Usage!E4/3 | O4: =MIN(MAX(N4,0),1) | P4: =Policy!$B$2*G4+Policy!$B$3*I4+Policy!$B$4*K4+Policy!$B$5*M4+Policy!$B$6*O4 | Q4: =IF(AND(C4=1,D4=1,A4<>Scoring_Prod!$T$3),P4,-1)
A5: =Capacity_Usage!B5 | B5: =Capacity_Usage!C5 | C5: =IF(Capacity_Usage!C5=Setup!$B$11,1,0) | D5: =IF(HC_Gate!K5="YES",1,0) | E5: =IF(Policy!$B$10=1,SUMIFS(Capacity_Usage!$U$4:$U$14,Capacity_Usage!$C$4:$C$14,Capacity_Usage!C5),IF(Policy!$B$10=2,VLOOKUP(Capacity_Usage!C5,Policy!$D$11:$E$15,2,FALSE),Policy!$B$11)) | F5: =Capacity_Usage!S5/Capacity_Usage!R5 | G5: =MIN(MAX(F5,0),1) | H5: =Capacity_Usage!Q5/Capacity_Usage!O5 | I5: =MIN(MAX(H5,0),1) | J5: =1-Capacity_Usage!U5/E5 | K5: =MIN(MAX(J5,0),1) | L5: =Capacity_Usage!T5/Policy!$B$14 | M5: =MIN(MAX(L5,0),1) | N5: =Capacity_Usage!E5/3 | O5: =MIN(MAX(N5,0),1) | P5: =Policy!$B$2*G5+Policy!$B$3*I5+Policy!$B$4*K5+Policy!$B$5*M5+Policy!$B$6*O5 | Q5: =IF(AND(C5=1,D5=1,A5<>Scoring_Prod!$T$3),P5,-1)
A6: =Capacity_Usage!B6 | B6: =Capacity_Usage!C6 | C6: =IF(Capacity_Usage!C6=Setup!$B$11,1,0) | D6: =IF(HC_Gate!K6="YES",1,0) | E6: =IF(Policy!$B$10=1,SUMIFS(Capacity_Usage!$U$4:$U$14,Capacity_Usage!$C$4:$C$14,Capacity_Usage!C6),IF(Policy!$B$10=2,VLOOKUP(Capacity_Usage!C6,Policy!$D$11:$E$15,2,FALSE),Policy!$B$11)) | F6: =Capacity_Usage!S6/Capacity_Usage!R6 | G6: =MIN(MAX(F6,0),1) | H6: =Capacity_Usage!Q6/Capacity_Usage!O6 | I6: =MIN(MAX(H6,0),1) | J6: =1-Capacity_Usage!U6/E6 | K6: =MIN(MAX(J6,0),1) | L6: =Capacity_Usage!T6/Policy!$B$14 | M6: =MIN(MAX(L6,0),1) | N6: =Capacity_Usage!E6/3 | O6: =MIN(MAX(N6,0),1) | P6: =Policy!$B$2*G6+Policy!$B$3*I6+Policy!$B$4*K6+Policy!$B$5*M6+Policy!$B$6*O6 | Q6: =IF(AND(C6=1,D6=1,A6<>Scoring_Prod!$T$3),P6,-1)
A7: =Capacity_Usage!B7 | B7: =Capacity_Usage!C7 | C7: =IF(Capacity_Usage!C7=Setup!$B$11,1,0) | D7: =IF(HC_Gate!K7="YES",1,0) | E7: =IF(Policy!$B$10=1,SUMIFS(Capacity_Usage!$U$4:$U$14,Capacity_Usage!$C$4:$C$14,Capacity_Usage!C7),IF(Policy!$B$10=2,VLOOKUP(Capacity_Usage!C7,Policy!$D$11:$E$15,2,FALSE),Policy!$B$11)) | F7: =Capacity_Usage!S7/Capacity_Usage!R7 | G7: =MIN(MAX(F7,0),1) | H7: =Capacity_Usage!Q7/Capacity_Usage!O7 | I7: =MIN(MAX(H7,0),1) | J7: =1-Capacity_Usage!U7/E7 | K7: =MIN(MAX(J7,0),1) | L7: =Capacity_Usage!T7/Policy!$B$14 | M7: =MIN(MAX(L7,0),1) | N7: =Capacity_Usage!E7/3 | O7: =MIN(MAX(N7,0),1) | P7: =Policy!$B$2*G7+Policy!$B$3*I7+Policy!$B$4*K7+Policy!$B$5*M7+Policy!$B$6*O7 | Q7: =IF(AND(C7=1,D7=1,A7<>Scoring_Prod!$T$3),P7,-1)
A8: =Capacity_Usage!B8 | B8: =Capacity_Usage!C8 | C8: =IF(Capacity_Usage!C8=Setup!$B$11,1,0) | D8: =IF(HC_Gate!K8="YES",1,0) | E8: =IF(Policy!$B$10=1,SUMIFS(Capacity_Usage!$U$4:$U$14,Capacity_Usage!$C$4:$C$14,Capacity_Usage!C8),IF(Policy!$B$10=2,VLOOKUP(Capacity_Usage!C8,Policy!$D$11:$E$15,2,FALSE),Policy!$B$11)) | F8: =Capacity_Usage!S8/Capacity_Usage!R8 | G8: =MIN(MAX(F8,0),1) | H8: =Capacity_Usage!Q8/Capacity_Usage!O8 | I8: =MIN(MAX(H8,0),1) | J8: =1-Capacity_Usage!U8/E8 | K8: =MIN(MAX(J8,0),1) | L8: =Capacity_Usage!T8/Policy!$B$14 | M8: =MIN(MAX(L8,0),1) | N8: =Capacity_Usage!E8/3 | O8: =MIN(MAX(N8,0),1) | P8: =Policy!$B$2*G8+Policy!$B$3*I8+Policy!$B$4*K8+Policy!$B$5*M8+Policy!$B$6*O8 | Q8: =IF(AND(C8=1,D8=1,A8<>Scoring_Prod!$T$3),P8,-1)
A9: =Capacity_Usage!B9 | B9: =Capacity_Usage!C9 | C9: =IF(Capacity_Usage!C9=Setup!$B$11,1,0) | D9: =IF(HC_Gate!K9="YES",1,0) | E9: =IF(Policy!$B$10=1,SUMIFS(Capacity_Usage!$U$4:$U$14,Capacity_Usage!$C$4:$C$14,Capacity_Usage!C9),IF(Policy!$B$10=2,VLOOKUP(Capacity_Usage!C9,Policy!$D$11:$E$15,2,FALSE),Policy!$B$11)) | F9: =Capacity_Usage!S9/Capacity_Usage!R9 | G9: =MIN(MAX(F9,0),1) | H9: =Capacity_Usage!Q9/Capacity_Usage!O9 | I9: =MIN(MAX(H9,0),1) | J9: =1-Capacity_Usage!U9/E9 | K9: =MIN(MAX(J9,0),1) | L9: =Capacity_Usage!T9/Policy!$B$14 | M9: =MIN(MAX(L9,0),1) | N9: =Capacity_Usage!E9/3 | O9: =MIN(MAX(N9,0),1) | P9: =Policy!$B$2*G9+Policy!$B$3*I9+Policy!$B$4*K9+Policy!$B$5*M9+Policy!$B$6*O9 | Q9: =IF(AND(C9=1,D9=1,A9<>Scoring_Prod!$T$3),P9,-1)
A10: =Capacity_Usage!B10 | B10: =Capacity_Usage!C10 | C10: =IF(Capacity_Usage!C10=Setup!$B$11,1,0) | D10: =IF(HC_Gate!K10="YES",1,0) | E10: =IF(Policy!$B$10=1,SUMIFS(Capacity_Usage!$U$4:$U$14,Capacity_Usage!$C$4:$C$14,Capacity_Usage!C10),IF(Policy!$B$10=2,VLOOKUP(Capacity_Usage!C10,Policy!$D$11:$E$15,2,FALSE),Policy!$B$11)) | F10: =Capacity_Usage!S10/Capacity_Usage!R10 | G10: =MIN(MAX(F10,0),1) | H10: =Capacity_Usage!Q10/Capacity_Usage!O10 | I10: =MIN(MAX(H10,0),1) | J10: =1-Capacity_Usage!U10/E10 | K10: =MIN(MAX(J10,0),1) | L10: =Capacity_Usage!T10/Policy!$B$14 | M10: =MIN(MAX(L10,0),1) | N10: =Capacity_Usage!E10/3 | O10: =MIN(MAX(N10,0),1) | P10: =Policy!$B$2*G10+Policy!$B$3*I10+Policy!$B$4*K10+Policy!$B$5*M10+Policy!$B$6*O10 | Q10: =IF(AND(C10=1,D10=1,A10<>Scoring_Prod!$T$3),P10,-1)
A11: =Capacity_Usage!B11 | B11: =Capacity_Usage!C11 | C11: =IF(Capacity_Usage!C11=Setup!$B$11,1,0) | D11: =IF(HC_Gate!K11="YES",1,0) | E11: =IF(Policy!$B$10=1,SUMIFS(Capacity_Usage!$U$4:$U$14,Capacity_Usage!$C$4:$C$14,Capacity_Usage!C11),IF(Policy!$B$10=2,VLOOKUP(Capacity_Usage!C11,Policy!$D$11:$E$15,2,FALSE),Policy!$B$11)) | F11: =Capacity_Usage!S11/Capacity_Usage!R11 | G11: =MIN(MAX(F11,0),1) | H11: =Capacity_Usage!Q11/Capacity_Usage!O11 | I11: =MIN(MAX(H11,0),1) | J11: =1-Capacity_Usage!U11/E11 | K11: =MIN(MAX(J11,0),1) | L11: =Capacity_Usage!T11/Policy!$B$14 | M11: =MIN(MAX(L11,0),1) | N11: =Capacity_Usage!E11/3 | O11: =MIN(MAX(N11,0),1) | P11: =Policy!$B$2*G11+Policy!$B$3*I11+Policy!$B$4*K11+Policy!$B$5*M11+Policy!$B$6*O11 | Q11: =IF(AND(C11=1,D11=1,A11<>Scoring_Prod!$T$3),P11,-1)
A12: =Capacity_Usage!B12 | B12: =Capacity_Usage!C12 | C12: =IF(Capacity_Usage!C12=Setup!$B$11,1,0) | D12: =IF(HC_Gate!K12="YES",1,0) | E12: =IF(Policy!$B$10=1,SUMIFS(Capacity_Usage!$U$4:$U$14,Capacity_Usage!$C$4:$C$14,Capacity_Usage!C12),IF(Policy!$B$10=2,VLOOKUP(Capacity_Usage!C12,Policy!$D$11:$E$15,2,FALSE),Policy!$B$11)) | F12: =Capacity_Usage!S12/Capacity_Usage!R12 | G12: =MIN(MAX(F12,0),1) | H12: =Capacity_Usage!Q12/Capacity_Usage!O12 | I12: =MIN(MAX(H12,0),1) | J12: =1-Capacity_Usage!U12/E12 | K12: =MIN(MAX(J12,0),1) | L12: =Capacity_Usage!T12/Policy!$B$14 | M12: =MIN(MAX(L12,0),1) | N12: =Capacity_Usage!E12/3 | O12: =MIN(MAX(N12,0),1) | P12: =Policy!$B$2*G12+Policy!$B$3*I12+Policy!$B$4*K12+Policy!$B$5*M12+Policy!$B$6*O12 | Q12: =IF(AND(C12=1,D12=1,A12<>Scoring_Prod!$T$3),P12,-1)
A13: =Capacity_Usage!B13 | B13: =Capacity_Usage!C13 | C13: =IF(Capacity_Usage!C13=Setup!$B$11,1,0) | D13: =IF(HC_Gate!K13="YES",1,0) | E13: =IF(Policy!$B$10=1,SUMIFS(Capacity_Usage!$U$4:$U$14,Capacity_Usage!$C$4:$C$14,Capacity_Usage!C13),IF(Policy!$B$10=2,VLOOKUP(Capacity_Usage!C13,Policy!$D$11:$E$15,2,FALSE),Policy!$B$11)) | F13: =Capacity_Usage!S13/Capacity_Usage!R13 | G13: =MIN(MAX(F13,0),1) | H13: =Capacity_Usage!Q13/Capacity_Usage!O13 | I13: =MIN(MAX(H13,0),1) | J13: =1-Capacity_Usage!U13/E13 | K13: =MIN(MAX(J13,0),1) | L13: =Capacity_Usage!T13/Policy!$B$14 | M13: =MIN(MAX(L13,0),1) | N13: =Capacity_Usage!E13/3 | O13: =MIN(MAX(N13,0),1) | P13: =Policy!$B$2*G13+Policy!$B$3*I13+Policy!$B$4*K13+Policy!$B$5*M13+Policy!$B$6*O13 | Q13: =IF(AND(C13=1,D13=1,A13<>Scoring_Prod!$T$3),P13,-1)
A14: =Capacity_Usage!B14 | B14: =Capacity_Usage!C14 | C14: =IF(Capacity_Usage!C14=Setup!$B$11,1,0) | D14: =IF(HC_Gate!K14="YES",1,0) | E14: =IF(Policy!$B$10=1,SUMIFS(Capacity_Usage!$U$4:$U$14,Capacity_Usage!$C$4:$C$14,Capacity_Usage!C14),IF(Policy!$B$10=2,VLOOKUP(Capacity_Usage!C14,Policy!$D$11:$E$15,2,FALSE),Policy!$B$11)) | F14: =Capacity_Usage!S14/Capacity_Usage!R14 | G14: =MIN(MAX(F14,0),1) | H14: =Capacity_Usage!Q14/Capacity_Usage!O14 | I14: =MIN(MAX(H14,0),1) | J14: =1-Capacity_Usage!U14/E14 | K14: =MIN(MAX(J14,0),1) | L14: =Capacity_Usage!T14/Policy!$B$14 | M14: =MIN(MAX(L14,0),1) | N14: =Capacity_Usage!E14/3 | O14: =MIN(MAX(N14,0),1) | P14: =Policy!$B$2*G14+Policy!$B$3*I14+Policy!$B$4*K14+Policy!$B$5*M14+Policy!$B$6*O14 | Q14: =IF(AND(C14=1,D14=1,A14<>Scoring_Prod!$T$3),P14,-1)

Sheet Result
A1: RESULT — CustomerSeedRecord
A3: Customer ID | B3: =Setup!B9 | E3: DR SIZING (max-not-sum, A.6 / DR-017)
A4: Geography | B4: =Setup!B3
A5: SKU | B5: =Setup!B4 | E5: DR region | F5: =B11
A6: Requested vCPU | B6: =Setup!B7 | E6: Max source customers | F6: =SUMPRODUCT(MAX((Capacity_Usage!$C$4:$C$14=Setup!$B$11)*Capacity_Usage!$U$4:$U$14))
E7: × Requested vCPU | F7: =Setup!B7
A8: Environment | B8: Region | C8: Score | E8: DR Requirement (max-not-sum) | F8: =F6*F7
A9: Prod | B9: =Scoring_Prod!T3 | C9: =Scoring_Prod!T4 | E9: DR Reserved (region) | F9: =IFERROR(INDEX(Capacity_Usage!$R$4:$R$14,MATCH(B11,Capacity_Usage!$B$4:$B$14,0)),0)
A10: CVAL | B10: =Scoring_CVAL!T2 | C10: =Scoring_CVAL!T3 | E10: DR Gap | F10: =MAX(0,F8-F9)
A11: DR | B11: =Scoring_DR!T2 | C11: =Scoring_DR!T3 | E11: Note: illustrative — sources = regions in DR scope geography.
A13: Readiness State | B13: =IF(B9="NONE ELIGIBLE","QUOTA_DEFICIT / CAPACITY_UNAVAILABLE (Prod)",IF(B10="NONE ELIGIBLE","CAPACITY_UNAVAILABLE (CVAL)",IF(B11="NONE ELIGIBLE","READY_WITH_RISK (no DR region)","READY")))
A15: Policy version | B15: ="v2.4.0-mock (weights "&TEXT(Policy!B7,"0.00")&" — "&Policy!B8&")"
