Workbook

Sheet How_To_Use
B1: ACRME Region Selection — WHAT-IF on the ACRME Region Catalogue (Formula-Only)
B2: Candidate regions = authoritative ACRME catalogue (baseline v2.4 Section 6). Usage distributed from the real SKU-usage files.
B4: WHAT THIS WORKBOOK DOES
B5: This what-if runs the ACRME weightage model over the ACTUAL ACRME in-scope regions (not the regions that happen to appear in the usage export). Your real usage is DISTRIBUTED onto those catalogue regions, and the engine scores every region so you can see where new workload should land. All results are live formulas — change any input and everything recalculates. No macros.
B7: REGION CLASSIFICATION FOR THIS MOCKUP (your instruction)
B8: • ALL regions are STANDARD (engine-selectable). This deliberately promotes East US 2, North Europe and West Europe — normally 'Restricted / exception-only' in the baseline catalogue — to Standard so they compete for placement.
B9: • EXCEPTION: the Middle East regions (Saudi Arabia East, UAE North) are RESTRICTED — production-only, and NOT auto-selected by the engine unless you explicitly supply one as the Prod region on Setup (cell B8). This matches the baseline 'Restricted deployment regions' definition. So for a Middle East run you must name a Prod region; DR still auto-selects cross-geo in a Standard Europe region.
B11: HOW THE DISTRIBUTION WORKS
B12: • Each geography's REAL total usage (Prod / Non-Prod cores) is preserved and spread across that geography's ACRME catalogue regions. Weight ∝ real usage where a catalogue region exists in the data; catalogue regions absent from the data (e.g. Canada Central) get a small floor share. Data regions that are NOT ACRME regions (East US, Central India, South Africa North) fold into their geography total.
B13: • Current Alloc / Q-Used = this distributed real usage. Reserved / Quota = the LARGER of the geography's even 'balanced target' share and the region's own distributed allocation, plus an 8% headroom margin. This keeps every region's headroom positive but VARYING: an under-used region (e.g. West US 3, Canada Central) shows large free capacity and scores high; a heavily-used region (e.g. East US 2) shows only the thin 8% margin and scores low — so the weightage model selects by SCORE rather than by gate elimination.
B15: SHEET MAP
B16: 1. How_To_Use — this guide.
... B37: • PS_NonProd δ duplicates its α (baseline design-of-record). DR bootstrap / target are configurable placeholders.

Sheet Usage_Source
A1: CURRENT USAGE — SOURCE SNAPSHOT (real, from uploaded files)
A2: Real aggregation from SKU_USage (1).xlsx (Total Cores). Prod = tag 'Prod'; all other tags = Non-Prod. This is provenance; the engine reads the distributed Capacity_Usage sheet. ACRME catalogue regions absent from source data use SYNTHETIC capacity — see the footer section below. NOTE: Saudi Arabia East is a FUTURE REGION (not yet GA; Microsoft target Q4 2026, Eastern Province) — no real usage data exists; capacity figures are entirely SYNTHETIC.
A3: Region (as in data) | B3: Geography | C3: Class in this mockup | D3: Prod Cores | E3: Non-Prod Cores | F3: Total Cores | G3: AKS Cores | H3: Unique Subs | I3: ACRME catalogue region?
A4: East US 2 | B4: US | C4: Standard | D4: 139410 | E4: 328418 | F4: 467828 | G4: 155696 | H4: 150 | I4: ACRME region
A5: West Europe | B5: EU | C5: Standard | D5: 41088 | E5: 139820 | F5: 180908 | G5: 58982 | H5: 69 | I5: ACRME region
A6: Southeast Asia | B6: Asia Pacific | C6: Standard | D6: 19388 | E6: 22766 | F6: 42154 | G6: 12338 | H6: 43 | I6: ACRME region
A7: Central US | B7: US | C7: Standard | D7: 17964 | E7: 22318 | F7: 40282 | G7: 19626 | H7: 65 | I7: ACRME region
A8: Australia East | B8: Australia | C8: Standard | D8: 8436 | E8: 17002 | F8: 25438 | G8: 8616 | H8: 34 | I8: ACRME region
A9: North Europe | B9: EU | C9: Standard | D9: 5448 | E9: 6944 | F9: 12392 | G9: 6000 | H9: 30 | I9: ACRME region
A10: East Asia | B10: Asia Pacific | C10: Standard | D10: 3068 | E10: 3100 | F10: 6168 | G10: 2824 | H10: 21 | I10: ACRME region
A11: Australia Southeast | B11: Australia | C11: Standard | D11: 1976 | E11: 2644 | F11: 4620 | G11: 2096 | H11: 14 | I11: ACRME region
A12: Sweden Central | B12: EU | C12: Standard | D12: 1632 | E12: 1760 | F12: 3392 | G12: 1696 | H12: 13 | I12: ACRME region
A13: Switzerland North | B13: EU | C13: Standard | D13: 1216 | E13: 1312 | F13: 2528 | G13: 1264 | H13: 11 | I13: ACRME region
A14: South Africa North | B14: Middle East | C14: Restricted | D14: 0 | E14: 1736 | F14: 1736 | G14: 868 | H14: 1 | I14: folds into geography (not an ACRME region)
A15: Central India | B15: Asia Pacific | C15: — | D15: 698 | E15: 0 | F15: 698 | G15: 0 | H15: 1 | I15: folds into geography (not an ACRME region)
... A17: West US 3 | B17: US | C17: Standard | D17: 0 | E17: 2 | F17: 2 | G17: 0 | H17: 1 | I17: ACRME region
A18: TOTAL | D18: =SUM(D4:D17) | E18: =SUM(E4:E17) | F18: =SUM(F4:F17) | G18: =SUM(G4:G17)
A20: ACRME CATALOGUE REGIONS — ABSENT FROM SOURCE DATA (capacity figures are SYNTHETIC)
A21: Canada Central | B21: US | C21: Standard | D21: absent from source data; mock subscription count used; capacity figures SYNTHETIC
A22: Saudi Arabia East | B22: Middle East | C22: Restricted | D22: FUTURE REGION — not yet GA (Microsoft target Q4 2026, Eastern Province); no real usage data; capacity figures SYNTHETIC
A23: UAE North | B23: Middle East | C23: Restricted | D23: GA region — absent from ACRME source data; capacity figures SYNTHETIC

Sheet Setup
A1: SETUP — Customer & Workload | F1: Lookup tables (do not edit)
F2: SKU | G2: vCPU/VM | I2: Geography | J2: Model | K2: DR Scope Geo
A3: Geography | B3: US | F3: E64ads_v6 | G3: 64 | I3: US | J3: 3-region | K3: US
A4: Total VMs (all SKUs) | B4: =SUM(B15:B22) | F4: E64ads_v5 | G4: 64 | I4: EU | J4: 2-region | K4: EU
A5: SKU line count | B5: =COUNTA(A15:A22) | F5: E48ads_v5 | G5: 48 | I5: Australia | J5: 2-region | K5: Australia
A6: Workload SKUs | B6: =_xlfn.TEXTJOIN(", ",TRUE,A15:A22) | F6: E32ads_v6 | G6: 32 | I6: Asia Pacific | J6: 2-region | K6: Asia Pacific
A7: Requested vCPU (total) | B7: =SUM(D15:D22) | F7: E32ads_v5 | G7: 32 | I7: Middle East | J7: cross-geo | K7: EU
A8: Prod region (req. for Middle East) | F8: E20ads_v5 | G8: 20
A9: Customer ID | B9: CUST-0042 | F9: E16ads_v6 | G9: 16
A10: Distribution model | B10: =VLOOKUP(B3,$I$3:$K$7,2,FALSE) | F10: E16ads_v5 | G10: 16
A11: DR scope geography | B11: =VLOOKUP(B3,$I$3:$K$7,3,FALSE) | F11: E8ads_v5 | G11: 8
F12: E4ads_v5 | G12: 4
A13: WORKLOAD — SKU LINE ITEMS (one Customer ID, one Geography/Region; add as many SKUs as needed) | F13: E2ads_v5 | G13: 2
A14: SKU | B14: VM count | C14: vCPU/VM | D14: Line vCPU | F14: D64ads_v5 | G14: 64
A15: E16ads_v5 | B15: 2 | C15: =IF($A15="","",VLOOKUP($A15,$F$3:$G$28,2,FALSE)) | D15: =IF($A15="","",$B15*$C15) | F15: D32ads_v5 | G15: 32
A16: D8ads_v5 | B16: 2 | C16: =IF($A16="","",VLOOKUP($A16,$F$3:$G$28,2,FALSE)) | D16: =IF($A16="","",$B16*$C16) | F16: D16ads_v5 | G16: 16
C17: =IF($A17="","",VLOOKUP($A17,$F$3:$G$28,2,FALSE)) | D17: =IF($A17="","",$B17*$C17) | F17: D16as_v5 | G17: 16
C18: =IF($A18="","",VLOOKUP($A18,$F$3:$G$28,2,FALSE)) | D18: =IF($A18="","",$B18*$C18) | F18: D8ads_v5 | G18: 8
C19: =IF($A19="","",VLOOKUP($A19,$F$3:$G$28,2,FALSE)) | D19: =IF($A19="","",$B19*$C19) | F19: D8as_v5 | G19: 8
C20: =IF($A20="","",VLOOKUP($A20,$F$3:$G$28,2,FALSE)) | D20: =IF($A20="","",$B20*$C20) | F20: D4ads_v5 | G20: 4
C21: =IF($A21="","",VLOOKUP($A21,$F$3:$G$28,2,FALSE)) | D21: =IF($A21="","",$B21*$C21) | F21: D4as_v5 | G21: 4
C22: =IF($A22="","",VLOOKUP($A22,$F$3:$G$28,2,FALSE)) | D22: =IF($A22="","",$B22*$C22) | F22: D2ads_v5 | G22: 2
C23: TOTAL | D23: =SUM(D15:D22) | F23: D2as_v5 | G23: 2
F24: F32s_v2 | G24: 32
F25: F16s_v2 | G25: 16
F26: F8s_v2 | G26: 8
F27: F4s_v2 | G27: 4
F28: F2s_v2 | G28: 2

Sheet Policy
A1: POLICY — Weights & Parameters
A2: alpha (α) — Capacity headroom | B2: 0.3
A3: beta (β) — Quota headroom | B3: 0.2
A4: gamma (γ) — Distribution fairness | B4: 0.25
A5: delta (δ) — DR readiness | B5: 0.15
A6: epsilon (ε) — Zone diversity | B6: 0.1
A7: Weight sum | B7: =SUM(B2:B6)
A8: Validation | B8: =IF(ABS(B7-1)<=0.001,"VALID","INVALID — must sum to 1.0")
A10: total_customers source | B10: Live geography count (PLC-012) | D10: total_customers(g) = customers in geography g with any environment provisioned or being deployed (baseline v2.5 amended, PLC-012 / A.10). Live, not configurable. Workbook stand-in: sum of Cust Count over the geography's regions.
A11: γ when total_customers = 0 | B11: 1
A13: DR bootstrap qty (vCPU) | B13: 40
A14: DR coverage target | B14: 0.8
A15: Min Prod headroom (vCPU) | B15: 20
A16: Min NonProd headroom (vCPU) | B16: 20
A17: Min DR headroom (vCPU) | B17: 16

Sheet Capacity_Usage
A1: ACRME CATALOGUE — CAPACITY & USAGE (real usage distributed across the actual ACRME regions)
A2: Alloc / Q-Used = real usage distributed onto ACRME regions (geography totals preserved). Reserved / Quota = max(even balanced-share, region alloc) + 8% margin (positive but varying headroom). Class: Standard = engine-selectable; Restricted (Middle East) = production-only, explicit Prod region required. Yellow = editable; grey = computed.
A3: Region ID | B3: Region Name | C3: Geography | D3: Model | E3: AZ | F3: Prod Reserved | G3: Prod Alloc | H3: Prod Free | I3: Prod Q-Limit | J3: Prod Q-Used | K3: Prod Q-Headroom | L3: NP Reserved | M3: NP Alloc | N3: NP Eff-Free | O3: NP Q-Limit | P3: NP Q-Used | Q3: NP Q-Headroom | R3: DR Reserved | S3: DR Free | T3: DR Coverage | U3: Cust Count | V3: Class
A4: westus3 | B4: West US 3 | C4: US | D4: 3-region | E4: 3 | F4: 42492 | G4: 2 | H4: =F4-G4 | I4: 63738 | J4: 2 | K4: =I4-J4 | L4: 94710 | M4: 2 | N4: 94708 | O4: 142064 | P4: 2 | Q4: =O4-P4 | R4: 19672 | S4: 16722 | T4: 0.6 | U4: 1 | V4: Standard
A5: centralus | B5: Central US | C5: US | D5: 3-region | E5: 3 | F5: 42492 | G5: 12292 | H5: =F5-G5 | I5: 63738 | J5: 12292 | K5: =I5-J5 | L5: 94710 | M5: 27398 | N5: 67312 | O5: 142064 | P5: 27398 | Q5: =O5-P5 | R5: 19672 | S5: 16722 | T5: 0.6 | U5: 65 | V5: Standard
A6: canadacentral | B6: Canada Central | C6: US | D6: 3-region | E6: 3 | F6: 42492 | G6: 2326 | H6: =F6-G6 | I6: 63738 | J6: 2326 | K6: =I6-J6 | L6: 94710 | M6: 5186 | N6: 89524 | O6: 142064 | P6: 5186 | Q6: =O6-P6 | R6: 19672 | S6: 16722 | T6: 0.6 | U6: 10 | V6: Standard
A7: eastus2 | B7: East US 2 | C7: US | D7: 3-region | E7: 3 | F7: 154178 | G7: 142756 | H7: =F7-G7 | I7: 231266 | J7: 142756 | K7: =I7-J7 | L7: 343646 | M7: 318190 | N7: 25456 | O7: 515468 | P7: 318190 | Q7: =O7-P7 | R7: 19672 | S7: 16722 | T7: 0.6 | U7: 150 | V7: Standard
A8: switzerlandnorth | B8: Switzerland North | C8: EU | D8: 2-region | E8: 3 | F8: 13334 | G8: 628 | H8: =F8-G8 | I8: 20002 | J8: 628 | K8: =I8-J8 | L8: 40456 | M8: 1902 | N8: 38554 | O8: 60684 | P8: 1902 | Q8: =O8-P8 | R8: 6174 | S8: 5248 | T8: 0.6 | U8: 11 | V8: Standard
A9: swedencentral | B9: Sweden Central | C9: EU | D9: 2-region | E9: 3 | F9: 13334 | G9: 842 | H9: =F9-G9 | I9: 20002 | J9: 842 | K9: =I9-J9 | L9: 40456 | M9: 2552 | N9: 37904 | O9: 60684 | P9: 2552 | Q9: =O9-P9 | R9: 6174 | S9: 5248 | T9: 0.6 | U9: 13 | V9: Standard
A10: northeurope | B10: North Europe | C10: EU | D10: 2-region | E10: 3 | F10: 13334 | G10: 3072 | H10: =F10-G10 | I10: 20002 | J10: 3072 | K10: =I10-J10 | L10: 40456 | M10: 9322 | N10: 31134 | O10: 60684 | P10: 9322 | Q10: =O10-P10 | R10: 6174 | S10: 5248 | T10: 0.6 | U10: 30 | V10: Standard
A11: westeurope | B11: West Europe | C11: EU | D11: 2-region | E11: 3 | F11: 48434 | G11: 44846 | H11: =F11-G11 | I11: 72650 | J11: 44846 | K11: =I11-J11 | L11: 146950 | M11: 136064 | N11: 10886 | O11: 220424 | P11: 136064 | Q11: =O11-P11 | R11: 6174 | S11: 5248 | T11: 0.6 | U11: 69 | V11: Standard
A12: australiaeast | B12: Australia East | C12: Australia | D12: 2-region | E12: 3 | F12: 9518 | G12: 8812 | H12: =F12-G12 | I12: 14276 | J12: 8812 | K12: =I12-J12 | L12: 17958 | M12: 16628 | N12: 1330 | O12: 26936 | P12: 16628 | Q12: =O12-P12 | R12: 2604 | S12: 2214 | T12: 0.6 | U12: 34 | V12: Standard
A13: australiasoutheast | B13: Australia Southeast | C13: Australia | D13: 2-region | E13: 2 | F13: 5624 | G13: 1602 | H13: =F13-G13 | I13: 8434 | J13: 1602 | K13: =I13-J13 | L13: 10610 | M13: 3020 | N13: 7590 | O13: 15914 | P13: 3020 | Q13: =O13-P13 | R13: 2604 | S13: 2214 | T13: 0.6 | U13: 14 | V13: Standard
A14: eastasia | B14: East Asia | C14: Asia Pacific | D14: 2-region | E14: 3 | F14: 12504 | G14: 2956 | H14: =F14-G14 | I14: 18756 | J14: 2956 | K14: =I14-J14 | L14: 13968 | M14: 3302 | N14: 10666 | O14: 20952 | P14: 3302 | Q14: =O14-P14 | R14: 5790 | S14: 4922 | T14: 0.6 | U14: 21 | V14: Standard
A15: southeastasia | B15: Southeast Asia | C15: Asia Pacific | D15: 2-region | E15: 3 | F15: 21816 | G15: 20200 | H15: =F15-G15 | I15: 32722 | J15: 20200 | K15: =I15-J15 | L15: 24370 | M15: 22566 | N15: 1804 | O15: 36556 | P15: 22566 | Q15: =O15-P15 | R15: 5790 | S15: 4922 | T15: 0.6 | U15: 43 | V15: Standard
... A17: uaenorth | B17: UAE North | C17: Middle East | D17: cross-geo | E17: 3 | F17: 1296 | G17: 1200 | H17: =F17-G17 | I17: 1944 | J17: 1200 | K17: =I17-J17 | L17: 1838 | M17: 1700 | N17: 138 | O17: 2756 | P17: 1700 | Q17: =O17-P17 | R17: 0 | S17: 0 | T17: 0 | U17: 4 | V17: Restricted

Sheet HC_Gate
A1: HARD CONSTRAINT GATE
A3: Region | B3: Geography | C3: Class | D3: Req vCPU | E3: HC-3 Prod | F3: HC-3 NonProd | G3: HC-3 DR | H3: HC-6 DR Floor | I3: HC-7 DR Integ | J3: Eligible Prod | K3: Eligible NonProd | L3: Eligible DR
A4: =Capacity_Usage!B4 | B4: =Capacity_Usage!C4 | C4: =Capacity_Usage!V4 | D4: =Setup!$B$7 | E4: =IF(AND(Capacity_Usage!K4>=Setup!$B$7,Capacity_Usage!K4-Setup!$B$7>=Policy!$B$15),"PASS","FAIL") | F4: =IF(AND(Capacity_Usage!N4>=Setup!$B$7,Capacity_Usage!Q4-Setup!$B$7>=Policy!$B$16),"PASS","FAIL") | G4: =IF(Capacity_Usage!S4>=Policy!$B$13,"PASS","FAIL") | H4: =IF(Capacity_Usage!S4+Capacity_Usage!N4>=Policy!$B$13,"PASS","FAIL") | I4: =IF(Capacity_Usage!P4+Setup!$B$7<=Capacity_Usage!O4-Policy!$B$13,"PASS","FAIL") | J4: =IF(E4="PASS","YES","NO") | K4: =IF(AND(F4="PASS",I4="PASS"),"YES","NO") | L4: =IF(AND(G4="PASS",H4="PASS"),"YES","NO")
A5: =Capacity_Usage!B5 | B5: =Capacity_Usage!C5 | C5: =Capacity_Usage!V5 | D5: =Setup!$B$7 | E5: =IF(AND(Capacity_Usage!K5>=Setup!$B$7,Capacity_Usage!K5-Setup!$B$7>=Policy!$B$15),"PASS","FAIL") | F5: =IF(AND(Capacity_Usage!N5>=Setup!$B$7,Capacity_Usage!Q5-Setup!$B$7>=Policy!$B$16),"PASS","FAIL") | G5: =IF(Capacity_Usage!S5>=Policy!$B$13,"PASS","FAIL") | H5: =IF(Capacity_Usage!S5+Capacity_Usage!N5>=Policy!$B$13,"PASS","FAIL") | I5: =IF(Capacity_Usage!P5+Setup!$B$7<=Capacity_Usage!O5-Policy!$B$13,"PASS","FAIL") | J5: =IF(E5="PASS","YES","NO") | K5: =IF(AND(F5="PASS",I5="PASS"),"YES","NO") | L5: =IF(AND(G5="PASS",H5="PASS"),"YES","NO")
A6: =Capacity_Usage!B6 | B6: =Capacity_Usage!C6 | C6: =Capacity_Usage!V6 | D6: =Setup!$B$7 | E6: =IF(AND(Capacity_Usage!K6>=Setup!$B$7,Capacity_Usage!K6-Setup!$B$7>=Policy!$B$15),"PASS","FAIL") | F6: =IF(AND(Capacity_Usage!N6>=Setup!$B$7,Capacity_Usage!Q6-Setup!$B$7>=Policy!$B$16),"PASS","FAIL") | G6: =IF(Capacity_Usage!S6>=Policy!$B$13,"PASS","FAIL") | H6: =IF(Capacity_Usage!S6+Capacity_Usage!N6>=Policy!$B$13,"PASS","FAIL") | I6: =IF(Capacity_Usage!P6+Setup!$B$7<=Capacity_Usage!O6-Policy!$B$13,"PASS","FAIL") | J6: =IF(E6="PASS","YES","NO") | K6: =IF(AND(F6="PASS",I6="PASS"),"YES","NO") | L6: =IF(AND(G6="PASS",H6="PASS"),"YES","NO")
A7: =Capacity_Usage!B7 | B7: =Capacity_Usage!C7 | C7: =Capacity_Usage!V7 | D7: =Setup!$B$7 | E7: =IF(AND(Capacity_Usage!K7>=Setup!$B$7,Capacity_Usage!K7-Setup!$B$7>=Policy!$B$15),"PASS","FAIL") | F7: =IF(AND(Capacity_Usage!N7>=Setup!$B$7,Capacity_Usage!Q7-Setup!$B$7>=Policy!$B$16),"PASS","FAIL") | G7: =IF(Capacity_Usage!S7>=Policy!$B$13,"PASS","FAIL") | H7: =IF(Capacity_Usage!S7+Capacity_Usage!N7>=Policy!$B$13,"PASS","FAIL") | I7: =IF(Capacity_Usage!P7+Setup!$B$7<=Capacity_Usage!O7-Policy!$B$13,"PASS","FAIL") | J7: =IF(E7="PASS","YES","NO") | K7: =IF(AND(F7="PASS",I7="PASS"),"YES","NO") | L7: =IF(AND(G7="PASS",H7="PASS"),"YES","NO")
A8: =Capacity_Usage!B8 | B8: =Capacity_Usage!C8 | C8: =Capacity_Usage!V8 | D8: =Setup!$B$7 | E8: =IF(AND(Capacity_Usage!K8>=Setup!$B$7,Capacity_Usage!K8-Setup!$B$7>=Policy!$B$15),"PASS","FAIL") | F8: =IF(AND(Capacity_Usage!N8>=Setup!$B$7,Capacity_Usage!Q8-Setup!$B$7>=Policy!$B$16),"PASS","FAIL") | G8: =IF(Capacity_Usage!S8>=Policy!$B$13,"PASS","FAIL") | H8: =IF(Capacity_Usage!S8+Capacity_Usage!N8>=Policy!$B$13,"PASS","FAIL") | I8: =IF(Capacity_Usage!P8+Setup!$B$7<=Capacity_Usage!O8-Policy!$B$13,"PASS","FAIL") | J8: =IF(E8="PASS","YES","NO") | K8: =IF(AND(F8="PASS",I8="PASS"),"YES","NO") | L8: =IF(AND(G8="PASS",H8="PASS"),"YES","NO")
A9: =Capacity_Usage!B9 | B9: =Capacity_Usage!C9 | C9: =Capacity_Usage!V9 | D9: =Setup!$B$7 | E9: =IF(AND(Capacity_Usage!K9>=Setup!$B$7,Capacity_Usage!K9-Setup!$B$7>=Policy!$B$15),"PASS","FAIL") | F9: =IF(AND(Capacity_Usage!N9>=Setup!$B$7,Capacity_Usage!Q9-Setup!$B$7>=Policy!$B$16),"PASS","FAIL") | G9: =IF(Capacity_Usage!S9>=Policy!$B$13,"PASS","FAIL") | H9: =IF(Capacity_Usage!S9+Capacity_Usage!N9>=Policy!$B$13,"PASS","FAIL") | I9: =IF(Capacity_Usage!P9+Setup!$B$7<=Capacity_Usage!O9-Policy!$B$13,"PASS","FAIL") | J9: =IF(E9="PASS","YES","NO") | K9: =IF(AND(F9="PASS",I9="PASS"),"YES","NO") | L9: =IF(AND(G9="PASS",H9="PASS"),"YES","NO")
A10: =Capacity_Usage!B10 | B10: =Capacity_Usage!C10 | C10: =Capacity_Usage!V10 | D10: =Setup!$B$7 | E10: =IF(AND(Capacity_Usage!K10>=Setup!$B$7,Capacity_Usage!K10-Setup!$B$7>=Policy!$B$15),"PASS","FAIL") | F10: =IF(AND(Capacity_Usage!N10>=Setup!$B$7,Capacity_Usage!Q10-Setup!$B$7>=Policy!$B$16),"PASS","FAIL") | G10: =IF(Capacity_Usage!S10>=Policy!$B$13,"PASS","FAIL") | H10: =IF(Capacity_Usage!S10+Capacity_Usage!N10>=Policy!$B$13,"PASS","FAIL") | I10: =IF(Capacity_Usage!P10+Setup!$B$7<=Capacity_Usage!O10-Policy!$B$13,"PASS","FAIL") | J10: =IF(E10="PASS","YES","NO") | K10: =IF(AND(F10="PASS",I10="PASS"),"YES","NO") | L10: =IF(AND(G10="PASS",H10="PASS"),"YES","NO")
A11: =Capacity_Usage!B11 | B11: =Capacity_Usage!C11 | C11: =Capacity_Usage!V11 | D11: =Setup!$B$7 | E11: =IF(AND(Capacity_Usage!K11>=Setup!$B$7,Capacity_Usage!K11-Setup!$B$7>=Policy!$B$15),"PASS","FAIL") | F11: =IF(AND(Capacity_Usage!N11>=Setup!$B$7,Capacity_Usage!Q11-Setup!$B$7>=Policy!$B$16),"PASS","FAIL") | G11: =IF(Capacity_Usage!S11>=Policy!$B$13,"PASS","FAIL") | H11: =IF(Capacity_Usage!S11+Capacity_Usage!N11>=Policy!$B$13,"PASS","FAIL") | I11: =IF(Capacity_Usage!P11+Setup!$B$7<=Capacity_Usage!O11-Policy!$B$13,"PASS","FAIL") | J11: =IF(E11="PASS","YES","NO") | K11: =IF(AND(F11="PASS",I11="PASS"),"YES","NO") | L11: =IF(AND(G11="PASS",H11="PASS"),"YES","NO")
A12: =Capacity_Usage!B12 | B12: =Capacity_Usage!C12 | C12: =Capacity_Usage!V12 | D12: =Setup!$B$7 | E12: =IF(AND(Capacity_Usage!K12>=Setup!$B$7,Capacity_Usage!K12-Setup!$B$7>=Policy!$B$15),"PASS","FAIL") | F12: =IF(AND(Capacity_Usage!N12>=Setup!$B$7,Capacity_Usage!Q12-Setup!$B$7>=Policy!$B$16),"PASS","FAIL") | G12: =IF(Capacity_Usage!S12>=Policy!$B$13,"PASS","FAIL") | H12: =IF(Capacity_Usage!S12+Capacity_Usage!N12>=Policy!$B$13,"PASS","FAIL") | I12: =IF(Capacity_Usage!P12+Setup!$B$7<=Capacity_Usage!O12-Policy!$B$13,"PASS","FAIL") | J12: =IF(E12="PASS","YES","NO") | K12: =IF(AND(F12="PASS",I12="PASS"),"YES","NO") | L12: =IF(AND(G12="PASS",H12="PASS"),"YES","NO")
A13: =Capacity_Usage!B13 | B13: =Capacity_Usage!C13 | C13: =Capacity_Usage!V13 | D13: =Setup!$B$7 | E13: =IF(AND(Capacity_Usage!K13>=Setup!$B$7,Capacity_Usage!K13-Setup!$B$7>=Policy!$B$15),"PASS","FAIL") | F13: =IF(AND(Capacity_Usage!N13>=Setup!$B$7,Capacity_Usage!Q13-Setup!$B$7>=Policy!$B$16),"PASS","FAIL") | G13: =IF(Capacity_Usage!S13>=Policy!$B$13,"PASS","FAIL") | H13: =IF(Capacity_Usage!S13+Capacity_Usage!N13>=Policy!$B$13,"PASS","FAIL") | I13: =IF(Capacity_Usage!P13+Setup!$B$7<=Capacity_Usage!O13-Policy!$B$13,"PASS","FAIL") | J13: =IF(E13="PASS","YES","NO") | K13: =IF(AND(F13="PASS",I13="PASS"),"YES","NO") | L13: =IF(AND(G13="PASS",H13="PASS"),"YES","NO")
A14: =Capacity_Usage!B14 | B14: =Capacity_Usage!C14 | C14: =Capacity_Usage!V14 | D14: =Setup!$B$7 | E14: =IF(AND(Capacity_Usage!K14>=Setup!$B$7,Capacity_Usage!K14-Setup!$B$7>=Policy!$B$15),"PASS","FAIL") | F14: =IF(AND(Capacity_Usage!N14>=Setup!$B$7,Capacity_Usage!Q14-Setup!$B$7>=Policy!$B$16),"PASS","FAIL") | G14: =IF(Capacity_Usage!S14>=Policy!$B$13,"PASS","FAIL") | H14: =IF(Capacity_Usage!S14+Capacity_Usage!N14>=Policy!$B$13,"PASS","FAIL") | I14: =IF(Capacity_Usage!P14+Setup!$B$7<=Capacity_Usage!O14-Policy!$B$13,"PASS","FAIL") | J14: =IF(E14="PASS","YES","NO") | K14: =IF(AND(F14="PASS",I14="PASS"),"YES","NO") | L14: =IF(AND(G14="PASS",H14="PASS"),"YES","NO")
A15: =Capacity_Usage!B15 | B15: =Capacity_Usage!C15 | C15: =Capacity_Usage!V15 | D15: =Setup!$B$7 | E15: =IF(AND(Capacity_Usage!K15>=Setup!$B$7,Capacity_Usage!K15-Setup!$B$7>=Policy!$B$15),"PASS","FAIL") | F15: =IF(AND(Capacity_Usage!N15>=Setup!$B$7,Capacity_Usage!Q15-Setup!$B$7>=Policy!$B$16),"PASS","FAIL") | G15: =IF(Capacity_Usage!S15>=Policy!$B$13,"PASS","FAIL") | H15: =IF(Capacity_Usage!S15+Capacity_Usage!N15>=Policy!$B$13,"PASS","FAIL") | I15: =IF(Capacity_Usage!P15+Setup!$B$7<=Capacity_Usage!O15-Policy!$B$13,"PASS","FAIL") | J15: =IF(E15="PASS","YES","NO") | K15: =IF(AND(F15="PASS",I15="PASS"),"YES","NO") | L15: =IF(AND(G15="PASS",H15="PASS"),"YES","NO")
... A17: =Capacity_Usage!B17 | B17: =Capacity_Usage!C17 | C17: =Capacity_Usage!V17 | D17: =Setup!$B$7 | E17: =IF(AND(Capacity_Usage!K17>=Setup!$B$7,Capacity_Usage!K17-Setup!$B$7>=Policy!$B$15),"PASS","FAIL") | F17: =IF(AND(Capacity_Usage!N17>=Setup!$B$7,Capacity_Usage!Q17-Setup!$B$7>=Policy!$B$16),"PASS","FAIL") | G17: =IF(Capacity_Usage!S17>=Policy!$B$13,"PASS","FAIL") | H17: =IF(Capacity_Usage!S17+Capacity_Usage!N17>=Policy!$B$13,"PASS","FAIL") | I17: =IF(Capacity_Usage!P17+Setup!$B$7<=Capacity_Usage!O17-Policy!$B$13,"PASS","FAIL") | J17: =IF(E17="PASS","YES","NO") | K17: =IF(AND(F17="PASS",I17="PASS"),"YES","NO") | L17: =IF(AND(G17="PASS",H17="PASS"),"YES","NO")

Sheet Scoring_Prod
A1: PS_Prod — Production Placement Score | T1: PROD WINNER
T2: Selection mode | U2: =IF(Setup!$B$8="","Engine argmax","Customer-supplied")
A3: Region | B3: Geography | C3: InScope | D3: Eligible | E3: AutoSel | F3: total_cust | G3: α_raw | H3: α_c | I3: β_raw | J3: β_c | K3: γ_raw | L3: γ_c | M3: δ_raw | N3: δ_c | O3: ε_raw | P3: ε_c | Q3: PS | R3: Candidate | S3: Rank | T3: Region | U3: =IF(Setup!$B$8<>"",Setup!$B$8,IF(MAX(R4:R17)<0,"NONE ELIGIBLE",INDEX(A4:A17,MATCH(MAX(R4:R17),R4:R17,0))))
A4: =Capacity_Usage!B4 | B4: =Capacity_Usage!C4 | C4: =IF(Capacity_Usage!C4=Setup!$B$3,1,0) | D4: =IF(HC_Gate!J4="YES",1,0) | E4: =IF(OR(Capacity_Usage!V4="Standard",Capacity_Usage!B4=Setup!$B$8),1,0) | F4: =SUMIFS(Capacity_Usage!$U$4:$U$17,Capacity_Usage!$C$4:$C$17,Capacity_Usage!C4) | G4: =IFERROR(Capacity_Usage!N4/Capacity_Usage!F4,0) | H4: =MIN(MAX(G4,0),1) | I4: =IFERROR(Capacity_Usage!K4/Capacity_Usage!I4,0) | J4: =MIN(MAX(I4,0),1) | K4: =IF(F4=0,Policy!$B$11,1-Capacity_Usage!U4/F4) | L4: =MIN(MAX(K4,0),1) | M4: =IFERROR(Capacity_Usage!T4,0) | N4: =MIN(MAX(M4,0),1) | O4: =Capacity_Usage!E4/3 | P4: =MIN(MAX(O4,0),1) | Q4: =Policy!$B$2*H4+Policy!$B$3*J4+Policy!$B$4*L4+Policy!$B$5*N4+Policy!$B$6*P4 | R4: =IF(AND(C4=1,D4=1,E4=1),Q4,-1) | S4: =IF(R4<0,"",COUNTIF($R$4:$R$17,">"&R4)+1) | T4: Score | U4: =IF(Setup!$B$8<>"",INDEX(Q4:Q17,MATCH(Setup!$B$8,A4:A17,0)),IF(MAX(R4:R17)<0,"",MAX(R4:R17)))
A5: =Capacity_Usage!B5 | B5: =Capacity_Usage!C5 | C5: =IF(Capacity_Usage!C5=Setup!$B$3,1,0) | D5: =IF(HC_Gate!J5="YES",1,0) | E5: =IF(OR(Capacity_Usage!V5="Standard",Capacity_Usage!B5=Setup!$B$8),1,0) | F5: =SUMIFS(Capacity_Usage!$U$4:$U$17,Capacity_Usage!$C$4:$C$17,Capacity_Usage!C5) | G5: =IFERROR(Capacity_Usage!N5/Capacity_Usage!F5,0) | H5: =MIN(MAX(G5,0),1) | I5: =IFERROR(Capacity_Usage!K5/Capacity_Usage!I5,0) | J5: =MIN(MAX(I5,0),1) | K5: =IF(F5=0,Policy!$B$11,1-Capacity_Usage!U5/F5) | L5: =MIN(MAX(K5,0),1) | M5: =IFERROR(Capacity_Usage!T5,0) | N5: =MIN(MAX(M5,0),1) | O5: =Capacity_Usage!E5/3 | P5: =MIN(MAX(O5,0),1) | Q5: =Policy!$B$2*H5+Policy!$B$3*J5+Policy!$B$4*L5+Policy!$B$5*N5+Policy!$B$6*P5 | R5: =IF(AND(C5=1,D5=1,E5=1),Q5,-1) | S5: =IF(R5<0,"",COUNTIF($R$4:$R$17,">"&R5)+1)
A6: =Capacity_Usage!B6 | B6: =Capacity_Usage!C6 | C6: =IF(Capacity_Usage!C6=Setup!$B$3,1,0) | D6: =IF(HC_Gate!J6="YES",1,0) | E6: =IF(OR(Capacity_Usage!V6="Standard",Capacity_Usage!B6=Setup!$B$8),1,0) | F6: =SUMIFS(Capacity_Usage!$U$4:$U$17,Capacity_Usage!$C$4:$C$17,Capacity_Usage!C6) | G6: =IFERROR(Capacity_Usage!N6/Capacity_Usage!F6,0) | H6: =MIN(MAX(G6,0),1) | I6: =IFERROR(Capacity_Usage!K6/Capacity_Usage!I6,0) | J6: =MIN(MAX(I6,0),1) | K6: =IF(F6=0,Policy!$B$11,1-Capacity_Usage!U6/F6) | L6: =MIN(MAX(K6,0),1) | M6: =IFERROR(Capacity_Usage!T6,0) | N6: =MIN(MAX(M6,0),1) | O6: =Capacity_Usage!E6/3 | P6: =MIN(MAX(O6,0),1) | Q6: =Policy!$B$2*H6+Policy!$B$3*J6+Policy!$B$4*L6+Policy!$B$5*N6+Policy!$B$6*P6 | R6: =IF(AND(C6=1,D6=1,E6=1),Q6,-1) | S6: =IF(R6<0,"",COUNTIF($R$4:$R$17,">"&R6)+1)
A7: =Capacity_Usage!B7 | B7: =Capacity_Usage!C7 | C7: =IF(Capacity_Usage!C7=Setup!$B$3,1,0) | D7: =IF(HC_Gate!J7="YES",1,0) | E7: =IF(OR(Capacity_Usage!V7="Standard",Capacity_Usage!B7=Setup!$B$8),1,0) | F7: =SUMIFS(Capacity_Usage!$U$4:$U$17,Capacity_Usage!$C$4:$C$17,Capacity_Usage!C7) | G7: =IFERROR(Capacity_Usage!N7/Capacity_Usage!F7,0) | H7: =MIN(MAX(G7,0),1) | I7: =IFERROR(Capacity_Usage!K7/Capacity_Usage!I7,0) | J7: =MIN(MAX(I7,0),1) | K7: =IF(F7=0,Policy!$B$11,1-Capacity_Usage!U7/F7) | L7: =MIN(MAX(K7,0),1) | M7: =IFERROR(Capacity_Usage!T7,0) | N7: =MIN(MAX(M7,0),1) | O7: =Capacity_Usage!E7/3 | P7: =MIN(MAX(O7,0),1) | Q7: =Policy!$B$2*H7+Policy!$B$3*J7+Policy!$B$4*L7+Policy!$B$5*N7+Policy!$B$6*P7 | R7: =IF(AND(C7=1,D7=1,E7=1),Q7,-1) | S7: =IF(R7<0,"",COUNTIF($R$4:$R$17,">"&R7)+1)
A8: =Capacity_Usage!B8 | B8: =Capacity_Usage!C8 | C8: =IF(Capacity_Usage!C8=Setup!$B$3,1,0) | D8: =IF(HC_Gate!J8="YES",1,0) | E8: =IF(OR(Capacity_Usage!V8="Standard",Capacity_Usage!B8=Setup!$B$8),1,0) | F8: =SUMIFS(Capacity_Usage!$U$4:$U$17,Capacity_Usage!$C$4:$C$17,Capacity_Usage!C8) | G8: =IFERROR(Capacity_Usage!N8/Capacity_Usage!F8,0) | H8: =MIN(MAX(G8,0),1) | I8: =IFERROR(Capacity_Usage!K8/Capacity_Usage!I8,0) | J8: =MIN(MAX(I8,0),1) | K8: =IF(F8=0,Policy!$B$11,1-Capacity_Usage!U8/F8) | L8: =MIN(MAX(K8,0),1) | M8: =IFERROR(Capacity_Usage!T8,0) | N8: =MIN(MAX(M8,0),1) | O8: =Capacity_Usage!E8/3 | P8: =MIN(MAX(O8,0),1) | Q8: =Policy!$B$2*H8+Policy!$B$3*J8+Policy!$B$4*L8+Policy!$B$5*N8+Policy!$B$6*P8 | R8: =IF(AND(C8=1,D8=1,E8=1),Q8,-1) | S8: =IF(R8<0,"",COUNTIF($R$4:$R$17,">"&R8)+1)
A9: =Capacity_Usage!B9 | B9: =Capacity_Usage!C9 | C9: =IF(Capacity_Usage!C9=Setup!$B$3,1,0) | D9: =IF(HC_Gate!J9="YES",1,0) | E9: =IF(OR(Capacity_Usage!V9="Standard",Capacity_Usage!B9=Setup!$B$8),1,0) | F9: =SUMIFS(Capacity_Usage!$U$4:$U$17,Capacity_Usage!$C$4:$C$17,Capacity_Usage!C9) | G9: =IFERROR(Capacity_Usage!N9/Capacity_Usage!F9,0) | H9: =MIN(MAX(G9,0),1) | I9: =IFERROR(Capacity_Usage!K9/Capacity_Usage!I9,0) | J9: =MIN(MAX(I9,0),1) | K9: =IF(F9=0,Policy!$B$11,1-Capacity_Usage!U9/F9) | L9: =MIN(MAX(K9,0),1) | M9: =IFERROR(Capacity_Usage!T9,0) | N9: =MIN(MAX(M9,0),1) | O9: =Capacity_Usage!E9/3 | P9: =MIN(MAX(O9,0),1) | Q9: =Policy!$B$2*H9+Policy!$B$3*J9+Policy!$B$4*L9+Policy!$B$5*N9+Policy!$B$6*P9 | R9: =IF(AND(C9=1,D9=1,E9=1),Q9,-1) | S9: =IF(R9<0,"",COUNTIF($R$4:$R$17,">"&R9)+1)
A10: =Capacity_Usage!B10 | B10: =Capacity_Usage!C10 | C10: =IF(Capacity_Usage!C10=Setup!$B$3,1,0) | D10: =IF(HC_Gate!J10="YES",1,0) | E10: =IF(OR(Capacity_Usage!V10="Standard",Capacity_Usage!B10=Setup!$B$8),1,0) | F10: =SUMIFS(Capacity_Usage!$U$4:$U$17,Capacity_Usage!$C$4:$C$17,Capacity_Usage!C10) | G10: =IFERROR(Capacity_Usage!N10/Capacity_Usage!F10,0) | H10: =MIN(MAX(G10,0),1) | I10: =IFERROR(Capacity_Usage!K10/Capacity_Usage!I10,0) | J10: =MIN(MAX(I10,0),1) | K10: =IF(F10=0,Policy!$B$11,1-Capacity_Usage!U10/F10) | L10: =MIN(MAX(K10,0),1) | M10: =IFERROR(Capacity_Usage!T10,0) | N10: =MIN(MAX(M10,0),1) | O10: =Capacity_Usage!E10/3 | P10: =MIN(MAX(O10,0),1) | Q10: =Policy!$B$2*H10+Policy!$B$3*J10+Policy!$B$4*L10+Policy!$B$5*N10+Policy!$B$6*P10 | R10: =IF(AND(C10=1,D10=1,E10=1),Q10,-1) | S10: =IF(R10<0,"",COUNTIF($R$4:$R$17,">"&R10)+1)
A11: =Capacity_Usage!B11 | B11: =Capacity_Usage!C11 | C11: =IF(Capacity_Usage!C11=Setup!$B$3,1,0) | D11: =IF(HC_Gate!J11="YES",1,0) | E11: =IF(OR(Capacity_Usage!V11="Standard",Capacity_Usage!B11=Setup!$B$8),1,0) | F11: =SUMIFS(Capacity_Usage!$U$4:$U$17,Capacity_Usage!$C$4:$C$17,Capacity_Usage!C11) | G11: =IFERROR(Capacity_Usage!N11/Capacity_Usage!F11,0) | H11: =MIN(MAX(G11,0),1) | I11: =IFERROR(Capacity_Usage!K11/Capacity_Usage!I11,0) | J11: =MIN(MAX(I11,0),1) | K11: =IF(F11=0,Policy!$B$11,1-Capacity_Usage!U11/F11) | L11: =MIN(MAX(K11,0),1) | M11: =IFERROR(Capacity_Usage!T11,0) | N11: =MIN(MAX(M11,0),1) | O11: =Capacity_Usage!E11/3 | P11: =MIN(MAX(O11,0),1) | Q11: =Policy!$B$2*H11+Policy!$B$3*J11+Policy!$B$4*L11+Policy!$B$5*N11+Policy!$B$6*P11 | R11: =IF(AND(C11=1,D11=1,E11=1),Q11,-1) | S11: =IF(R11<0,"",COUNTIF($R$4:$R$17,">"&R11)+1)
A12: =Capacity_Usage!B12 | B12: =Capacity_Usage!C12 | C12: =IF(Capacity_Usage!C12=Setup!$B$3,1,0) | D12: =IF(HC_Gate!J12="YES",1,0) | E12: =IF(OR(Capacity_Usage!V12="Standard",Capacity_Usage!B12=Setup!$B$8),1,0) | F12: =SUMIFS(Capacity_Usage!$U$4:$U$17,Capacity_Usage!$C$4:$C$17,Capacity_Usage!C12) | G12: =IFERROR(Capacity_Usage!N12/Capacity_Usage!F12,0) | H12: =MIN(MAX(G12,0),1) | I12: =IFERROR(Capacity_Usage!K12/Capacity_Usage!I12,0) | J12: =MIN(MAX(I12,0),1) | K12: =IF(F12=0,Policy!$B$11,1-Capacity_Usage!U12/F12) | L12: =MIN(MAX(K12,0),1) | M12: =IFERROR(Capacity_Usage!T12,0) | N12: =MIN(MAX(M12,0),1) | O12: =Capacity_Usage!E12/3 | P12: =MIN(MAX(O12,0),1) | Q12: =Policy!$B$2*H12+Policy!$B$3*J12+Policy!$B$4*L12+Policy!$B$5*N12+Policy!$B$6*P12 | R12: =IF(AND(C12=1,D12=1,E12=1),Q12,-1) | S12: =IF(R12<0,"",COUNTIF($R$4:$R$17,">"&R12)+1)
A13: =Capacity_Usage!B13 | B13: =Capacity_Usage!C13 | C13: =IF(Capacity_Usage!C13=Setup!$B$3,1,0) | D13: =IF(HC_Gate!J13="YES",1,0) | E13: =IF(OR(Capacity_Usage!V13="Standard",Capacity_Usage!B13=Setup!$B$8),1,0) | F13: =SUMIFS(Capacity_Usage!$U$4:$U$17,Capacity_Usage!$C$4:$C$17,Capacity_Usage!C13) | G13: =IFERROR(Capacity_Usage!N13/Capacity_Usage!F13,0) | H13: =MIN(MAX(G13,0),1) | I13: =IFERROR(Capacity_Usage!K13/Capacity_Usage!I13,0) | J13: =MIN(MAX(I13,0),1) | K13: =IF(F13=0,Policy!$B$11,1-Capacity_Usage!U13/F13) | L13: =MIN(MAX(K13,0),1) | M13: =IFERROR(Capacity_Usage!T13,0) | N13: =MIN(MAX(M13,0),1) | O13: =Capacity_Usage!E13/3 | P13: =MIN(MAX(O13,0),1) | Q13: =Policy!$B$2*H13+Policy!$B$3*J13+Policy!$B$4*L13+Policy!$B$5*N13+Policy!$B$6*P13 | R13: =IF(AND(C13=1,D13=1,E13=1),Q13,-1) | S13: =IF(R13<0,"",COUNTIF($R$4:$R$17,">"&R13)+1)
A14: =Capacity_Usage!B14 | B14: =Capacity_Usage!C14 | C14: =IF(Capacity_Usage!C14=Setup!$B$3,1,0) | D14: =IF(HC_Gate!J14="YES",1,0) | E14: =IF(OR(Capacity_Usage!V14="Standard",Capacity_Usage!B14=Setup!$B$8),1,0) | F14: =SUMIFS(Capacity_Usage!$U$4:$U$17,Capacity_Usage!$C$4:$C$17,Capacity_Usage!C14) | G14: =IFERROR(Capacity_Usage!N14/Capacity_Usage!F14,0) | H14: =MIN(MAX(G14,0),1) | I14: =IFERROR(Capacity_Usage!K14/Capacity_Usage!I14,0) | J14: =MIN(MAX(I14,0),1) | K14: =IF(F14=0,Policy!$B$11,1-Capacity_Usage!U14/F14) | L14: =MIN(MAX(K14,0),1) | M14: =IFERROR(Capacity_Usage!T14,0) | N14: =MIN(MAX(M14,0),1) | O14: =Capacity_Usage!E14/3 | P14: =MIN(MAX(O14,0),1) | Q14: =Policy!$B$2*H14+Policy!$B$3*J14+Policy!$B$4*L14+Policy!$B$5*N14+Policy!$B$6*P14 | R14: =IF(AND(C14=1,D14=1,E14=1),Q14,-1) | S14: =IF(R14<0,"",COUNTIF($R$4:$R$17,">"&R14)+1)
A15: =Capacity_Usage!B15 | B15: =Capacity_Usage!C15 | C15: =IF(Capacity_Usage!C15=Setup!$B$3,1,0) | D15: =IF(HC_Gate!J15="YES",1,0) | E15: =IF(OR(Capacity_Usage!V15="Standard",Capacity_Usage!B15=Setup!$B$8),1,0) | F15: =SUMIFS(Capacity_Usage!$U$4:$U$17,Capacity_Usage!$C$4:$C$17,Capacity_Usage!C15) | G15: =IFERROR(Capacity_Usage!N15/Capacity_Usage!F15,0) | H15: =MIN(MAX(G15,0),1) | I15: =IFERROR(Capacity_Usage!K15/Capacity_Usage!I15,0) | J15: =MIN(MAX(I15,0),1) | K15: =IF(F15=0,Policy!$B$11,1-Capacity_Usage!U15/F15) | L15: =MIN(MAX(K15,0),1) | M15: =IFERROR(Capacity_Usage!T15,0) | N15: =MIN(MAX(M15,0),1) | O15: =Capacity_Usage!E15/3 | P15: =MIN(MAX(O15,0),1) | Q15: =Policy!$B$2*H15+Policy!$B$3*J15+Policy!$B$4*L15+Policy!$B$5*N15+Policy!$B$6*P15 | R15: =IF(AND(C15=1,D15=1,E15=1),Q15,-1) | S15: =IF(R15<0,"",COUNTIF($R$4:$R$17,">"&R15)+1)
A16: =Capacity_Usage!B16 | B16: =Capacity_Usage!C16 | C16: =IF(Capacity_Usage!C16=Setup!$B$3,1,0) | D16: =IF(HC_Gate!J16="YES",1,0) | E16: =IF(OR(Capacity_Usage!V16="Standard",Capacity_Usage!B16=Setup!$B$8),1,0) | F16: =SUMIFS(Capacity_Usage!$U$4:$U$17,Capacity_Usage!$C$4:$C$17,Capacity_Usage!C16) | G16: =IFERROR(Capacity_Usage!N16/Capacity_Usage!F16,0) | H16: =MIN(MAX(G16,0),1) | I16: =IFERROR(Capacity_Usage!K16/Capacity_Usage!I16,0) | J16: =MIN(MAX(I16,0),1) | K16: =IF(F16=0,Policy!$B$11,1-Capacity_Usage!U16/F16) | L16: =MIN(MAX(K16,0),1) | M16: =IFERROR(Capacity_Usage!T16,0) | N16: =MIN(MAX(M16,0),1) | O16: =Capacity_Usage!E16/3 | P16: =MIN(MAX(O16,0),1) | Q16: =Policy!$B$2*H16+Policy!$B$3*J16+Policy!$B$4*L16+Policy!$B$5*N16+Policy!$B$6*P16 | R16: =IF(AND(C16=1,D16=1,E16=1),Q16,-1) | S16: =IF(R16<0,"",COUNTIF($R$4:$R$17,">"&R16)+1)
A17: =Capacity_Usage!B17 | B17: =Capacity_Usage!C17 | C17: =IF(Capacity_Usage!C17=Setup!$B$3,1,0) | D17: =IF(HC_Gate!J17="YES",1,0) | E17: =IF(OR(Capacity_Usage!V17="Standard",Capacity_Usage!B17=Setup!$B$8),1,0) | F17: =SUMIFS(Capacity_Usage!$U$4:$U$17,Capacity_Usage!$C$4:$C$17,Capacity_Usage!C17) | G17: =IFERROR(Capacity_Usage!N17/Capacity_Usage!F17,0) | H17: =MIN(MAX(G17,0),1) | I17: =IFERROR(Capacity_Usage!K17/Capacity_Usage!I17,0) | J17: =MIN(MAX(I17,0),1) | K17: =IF(F17=0,Policy!$B$11,1-Capacity_Usage!U17/F17) | L17: =MIN(MAX(K17,0),1) | M17: =IFERROR(Capacity_Usage!T17,0) | N17: =MIN(MAX(M17,0),1) | O17: =Capacity_Usage!E17/3 | P17: =MIN(MAX(O17,0),1) | Q17: =Policy!$B$2*H17+Policy!$B$3*J17+Policy!$B$4*L17+Policy!$B$5*N17+Policy!$B$6*P17 | R17: =IF(AND(C17=1,D17=1,E17=1),Q17,-1) | S17: =IF(R17<0,"",COUNTIF($R$4:$R$17,">"&R17)+1)

Sheet Scoring_CVAL
A1: PS_NonProd — CVAL Placement Score (δ duplicates α — known design gap) | T1: CVAL WINNER
T2: Region | U2: =IF(Setup!$B$3="Middle East",Scoring_Prod!$U$3,IF(MAX(R4:R17)<0,"NONE ELIGIBLE",INDEX(A4:A17,MATCH(MAX(R4:R17),R4:R17,0))))
A3: Region | B3: Geography | C3: InScope | D3: Eligible | E3: AutoSel | F3: total_cust | G3: α_raw | H3: α_c | I3: β_raw | J3: β_c | K3: γ_raw | L3: γ_c | M3: δ_raw | N3: δ_c | O3: ε_raw | P3: ε_c | Q3: PS | R3: Candidate | S3: Rank | T3: Score | U3: =IF(Setup!$B$3="Middle East",Scoring_Prod!$U$4,IF(MAX(R4:R17)<0,"",MAX(R4:R17)))
A4: =Capacity_Usage!B4 | B4: =Capacity_Usage!C4 | C4: =IF(Capacity_Usage!C4=Setup!$B$3,1,0) | D4: =IF(HC_Gate!K4="YES",1,0) | E4: =IF(OR(Capacity_Usage!V4="Standard",Capacity_Usage!B4=Setup!$B$8),1,0) | F4: =SUMIFS(Capacity_Usage!$U$4:$U$17,Capacity_Usage!$C$4:$C$17,Capacity_Usage!C4) | G4: =IFERROR(Capacity_Usage!N4/Capacity_Usage!L4,0) | H4: =MIN(MAX(G4,0),1) | I4: =IFERROR(Capacity_Usage!Q4/Capacity_Usage!O4,0) | J4: =MIN(MAX(I4,0),1) | K4: =IF(F4=0,Policy!$B$11,1-Capacity_Usage!U4/F4) | L4: =MIN(MAX(K4,0),1) | M4: =IFERROR(Capacity_Usage!N4/Capacity_Usage!L4,0) | N4: =MIN(MAX(M4,0),1) | O4: =Capacity_Usage!E4/3 | P4: =MIN(MAX(O4,0),1) | Q4: =Policy!$B$2*H4+Policy!$B$3*J4+Policy!$B$4*L4+Policy!$B$5*N4+Policy!$B$6*P4 | R4: =IF(AND(C4=1,D4=1,E4=1,A4<>Scoring_Prod!$U$3),Q4,-1) | S4: =IF(R4<0,"",COUNTIF($R$4:$R$17,">"&R4)+1)
A5: =Capacity_Usage!B5 | B5: =Capacity_Usage!C5 | C5: =IF(Capacity_Usage!C5=Setup!$B$3,1,0) | D5: =IF(HC_Gate!K5="YES",1,0) | E5: =IF(OR(Capacity_Usage!V5="Standard",Capacity_Usage!B5=Setup!$B$8),1,0) | F5: =SUMIFS(Capacity_Usage!$U$4:$U$17,Capacity_Usage!$C$4:$C$17,Capacity_Usage!C5) | G5: =IFERROR(Capacity_Usage!N5/Capacity_Usage!L5,0) | H5: =MIN(MAX(G5,0),1) | I5: =IFERROR(Capacity_Usage!Q5/Capacity_Usage!O5,0) | J5: =MIN(MAX(I5,0),1) | K5: =IF(F5=0,Policy!$B$11,1-Capacity_Usage!U5/F5) | L5: =MIN(MAX(K5,0),1) | M5: =IFERROR(Capacity_Usage!N5/Capacity_Usage!L5,0) | N5: =MIN(MAX(M5,0),1) | O5: =Capacity_Usage!E5/3 | P5: =MIN(MAX(O5,0),1) | Q5: =Policy!$B$2*H5+Policy!$B$3*J5+Policy!$B$4*L5+Policy!$B$5*N5+Policy!$B$6*P5 | R5: =IF(AND(C5=1,D5=1,E5=1,A5<>Scoring_Prod!$U$3),Q5,-1) | S5: =IF(R5<0,"",COUNTIF($R$4:$R$17,">"&R5)+1)
A6: =Capacity_Usage!B6 | B6: =Capacity_Usage!C6 | C6: =IF(Capacity_Usage!C6=Setup!$B$3,1,0) | D6: =IF(HC_Gate!K6="YES",1,0) | E6: =IF(OR(Capacity_Usage!V6="Standard",Capacity_Usage!B6=Setup!$B$8),1,0) | F6: =SUMIFS(Capacity_Usage!$U$4:$U$17,Capacity_Usage!$C$4:$C$17,Capacity_Usage!C6) | G6: =IFERROR(Capacity_Usage!N6/Capacity_Usage!L6,0) | H6: =MIN(MAX(G6,0),1) | I6: =IFERROR(Capacity_Usage!Q6/Capacity_Usage!O6,0) | J6: =MIN(MAX(I6,0),1) | K6: =IF(F6=0,Policy!$B$11,1-Capacity_Usage!U6/F6) | L6: =MIN(MAX(K6,0),1) | M6: =IFERROR(Capacity_Usage!N6/Capacity_Usage!L6,0) | N6: =MIN(MAX(M6,0),1) | O6: =Capacity_Usage!E6/3 | P6: =MIN(MAX(O6,0),1) | Q6: =Policy!$B$2*H6+Policy!$B$3*J6+Policy!$B$4*L6+Policy!$B$5*N6+Policy!$B$6*P6 | R6: =IF(AND(C6=1,D6=1,E6=1,A6<>Scoring_Prod!$U$3),Q6,-1) | S6: =IF(R6<0,"",COUNTIF($R$4:$R$17,">"&R6)+1)
A7: =Capacity_Usage!B7 | B7: =Capacity_Usage!C7 | C7: =IF(Capacity_Usage!C7=Setup!$B$3,1,0) | D7: =IF(HC_Gate!K7="YES",1,0) | E7: =IF(OR(Capacity_Usage!V7="Standard",Capacity_Usage!B7=Setup!$B$8),1,0) | F7: =SUMIFS(Capacity_Usage!$U$4:$U$17,Capacity_Usage!$C$4:$C$17,Capacity_Usage!C7) | G7: =IFERROR(Capacity_Usage!N7/Capacity_Usage!L7,0) | H7: =MIN(MAX(G7,0),1) | I7: =IFERROR(Capacity_Usage!Q7/Capacity_Usage!O7,0) | J7: =MIN(MAX(I7,0),1) | K7: =IF(F7=0,Policy!$B$11,1-Capacity_Usage!U7/F7) | L7: =MIN(MAX(K7,0),1) | M7: =IFERROR(Capacity_Usage!N7/Capacity_Usage!L7,0) | N7: =MIN(MAX(M7,0),1) | O7: =Capacity_Usage!E7/3 | P7: =MIN(MAX(O7,0),1) | Q7: =Policy!$B$2*H7+Policy!$B$3*J7+Policy!$B$4*L7+Policy!$B$5*N7+Policy!$B$6*P7 | R7: =IF(AND(C7=1,D7=1,E7=1,A7<>Scoring_Prod!$U$3),Q7,-1) | S7: =IF(R7<0,"",COUNTIF($R$4:$R$17,">"&R7)+1)
A8: =Capacity_Usage!B8 | B8: =Capacity_Usage!C8 | C8: =IF(Capacity_Usage!C8=Setup!$B$3,1,0) | D8: =IF(HC_Gate!K8="YES",1,0) | E8: =IF(OR(Capacity_Usage!V8="Standard",Capacity_Usage!B8=Setup!$B$8),1,0) | F8: =SUMIFS(Capacity_Usage!$U$4:$U$17,Capacity_Usage!$C$4:$C$17,Capacity_Usage!C8) | G8: =IFERROR(Capacity_Usage!N8/Capacity_Usage!L8,0) | H8: =MIN(MAX(G8,0),1) | I8: =IFERROR(Capacity_Usage!Q8/Capacity_Usage!O8,0) | J8: =MIN(MAX(I8,0),1) | K8: =IF(F8=0,Policy!$B$11,1-Capacity_Usage!U8/F8) | L8: =MIN(MAX(K8,0),1) | M8: =IFERROR(Capacity_Usage!N8/Capacity_Usage!L8,0) | N8: =MIN(MAX(M8,0),1) | O8: =Capacity_Usage!E8/3 | P8: =MIN(MAX(O8,0),1) | Q8: =Policy!$B$2*H8+Policy!$B$3*J8+Policy!$B$4*L8+Policy!$B$5*N8+Policy!$B$6*P8 | R8: =IF(AND(C8=1,D8=1,E8=1,A8<>Scoring_Prod!$U$3),Q8,-1) | S8: =IF(R8<0,"",COUNTIF($R$4:$R$17,">"&R8)+1)
A9: =Capacity_Usage!B9 | B9: =Capacity_Usage!C9 | C9: =IF(Capacity_Usage!C9=Setup!$B$3,1,0) | D9: =IF(HC_Gate!K9="YES",1,0) | E9: =IF(OR(Capacity_Usage!V9="Standard",Capacity_Usage!B9=Setup!$B$8),1,0) | F9: =SUMIFS(Capacity_Usage!$U$4:$U$17,Capacity_Usage!$C$4:$C$17,Capacity_Usage!C9) | G9: =IFERROR(Capacity_Usage!N9/Capacity_Usage!L9,0) | H9: =MIN(MAX(G9,0),1) | I9: =IFERROR(Capacity_Usage!Q9/Capacity_Usage!O9,0) | J9: =MIN(MAX(I9,0),1) | K9: =IF(F9=0,Policy!$B$11,1-Capacity_Usage!U9/F9) | L9: =MIN(MAX(K9,0),1) | M9: =IFERROR(Capacity_Usage!N9/Capacity_Usage!L9,0) | N9: =MIN(MAX(M9,0),1) | O9: =Capacity_Usage!E9/3 | P9: =MIN(MAX(O9,0),1) | Q9: =Policy!$B$2*H9+Policy!$B$3*J9+Policy!$B$4*L9+Policy!$B$5*N9+Policy!$B$6*P9 | R9: =IF(AND(C9=1,D9=1,E9=1,A9<>Scoring_Prod!$U$3),Q9,-1) | S9: =IF(R9<0,"",COUNTIF($R$4:$R$17,">"&R9)+1)
A10: =Capacity_Usage!B10 | B10: =Capacity_Usage!C10 | C10: =IF(Capacity_Usage!C10=Setup!$B$3,1,0) | D10: =IF(HC_Gate!K10="YES",1,0) | E10: =IF(OR(Capacity_Usage!V10="Standard",Capacity_Usage!B10=Setup!$B$8),1,0) | F10: =SUMIFS(Capacity_Usage!$U$4:$U$17,Capacity_Usage!$C$4:$C$17,Capacity_Usage!C10) | G10: =IFERROR(Capacity_Usage!N10/Capacity_Usage!L10,0) | H10: =MIN(MAX(G10,0),1) | I10: =IFERROR(Capacity_Usage!Q10/Capacity_Usage!O10,0) | J10: =MIN(MAX(I10,0),1) | K10: =IF(F10=0,Policy!$B$11,1-Capacity_Usage!U10/F10) | L10: =MIN(MAX(K10,0),1) | M10: =IFERROR(Capacity_Usage!N10/Capacity_Usage!L10,0) | N10: =MIN(MAX(M10,0),1) | O10: =Capacity_Usage!E10/3 | P10: =MIN(MAX(O10,0),1) | Q10: =Policy!$B$2*H10+Policy!$B$3*J10+Policy!$B$4*L10+Policy!$B$5*N10+Policy!$B$6*P10 | R10: =IF(AND(C10=1,D10=1,E10=1,A10<>Scoring_Prod!$U$3),Q10,-1) | S10: =IF(R10<0,"",COUNTIF($R$4:$R$17,">"&R10)+1)
A11: =Capacity_Usage!B11 | B11: =Capacity_Usage!C11 | C11: =IF(Capacity_Usage!C11=Setup!$B$3,1,0) | D11: =IF(HC_Gate!K11="YES",1,0) | E11: =IF(OR(Capacity_Usage!V11="Standard",Capacity_Usage!B11=Setup!$B$8),1,0) | F11: =SUMIFS(Capacity_Usage!$U$4:$U$17,Capacity_Usage!$C$4:$C$17,Capacity_Usage!C11) | G11: =IFERROR(Capacity_Usage!N11/Capacity_Usage!L11,0) | H11: =MIN(MAX(G11,0),1) | I11: =IFERROR(Capacity_Usage!Q11/Capacity_Usage!O11,0) | J11: =MIN(MAX(I11,0),1) | K11: =IF(F11=0,Policy!$B$11,1-Capacity_Usage!U11/F11) | L11: =MIN(MAX(K11,0),1) | M11: =IFERROR(Capacity_Usage!N11/Capacity_Usage!L11,0) | N11: =MIN(MAX(M11,0),1) | O11: =Capacity_Usage!E11/3 | P11: =MIN(MAX(O11,0),1) | Q11: =Policy!$B$2*H11+Policy!$B$3*J11+Policy!$B$4*L11+Policy!$B$5*N11+Policy!$B$6*P11 | R11: =IF(AND(C11=1,D11=1,E11=1,A11<>Scoring_Prod!$U$3),Q11,-1) | S11: =IF(R11<0,"",COUNTIF($R$4:$R$17,">"&R11)+1)
A12: =Capacity_Usage!B12 | B12: =Capacity_Usage!C12 | C12: =IF(Capacity_Usage!C12=Setup!$B$3,1,0) | D12: =IF(HC_Gate!K12="YES",1,0) | E12: =IF(OR(Capacity_Usage!V12="Standard",Capacity_Usage!B12=Setup!$B$8),1,0) | F12: =SUMIFS(Capacity_Usage!$U$4:$U$17,Capacity_Usage!$C$4:$C$17,Capacity_Usage!C12) | G12: =IFERROR(Capacity_Usage!N12/Capacity_Usage!L12,0) | H12: =MIN(MAX(G12,0),1) | I12: =IFERROR(Capacity_Usage!Q12/Capacity_Usage!O12,0) | J12: =MIN(MAX(I12,0),1) | K12: =IF(F12=0,Policy!$B$11,1-Capacity_Usage!U12/F12) | L12: =MIN(MAX(K12,0),1) | M12: =IFERROR(Capacity_Usage!N12/Capacity_Usage!L12,0) | N12: =MIN(MAX(M12,0),1) | O12: =Capacity_Usage!E12/3 | P12: =MIN(MAX(O12,0),1) | Q12: =Policy!$B$2*H12+Policy!$B$3*J12+Policy!$B$4*L12+Policy!$B$5*N12+Policy!$B$6*P12 | R12: =IF(AND(C12=1,D12=1,E12=1,A12<>Scoring_Prod!$U$3),Q12,-1) | S12: =IF(R12<0,"",COUNTIF($R$4:$R$17,">"&R12)+1)
A13: =Capacity_Usage!B13 | B13: =Capacity_Usage!C13 | C13: =IF(Capacity_Usage!C13=Setup!$B$3,1,0) | D13: =IF(HC_Gate!K13="YES",1,0) | E13: =IF(OR(Capacity_Usage!V13="Standard",Capacity_Usage!B13=Setup!$B$8),1,0) | F13: =SUMIFS(Capacity_Usage!$U$4:$U$17,Capacity_Usage!$C$4:$C$17,Capacity_Usage!C13) | G13: =IFERROR(Capacity_Usage!N13/Capacity_Usage!L13,0) | H13: =MIN(MAX(G13,0),1) | I13: =IFERROR(Capacity_Usage!Q13/Capacity_Usage!O13,0) | J13: =MIN(MAX(I13,0),1) | K13: =IF(F13=0,Policy!$B$11,1-Capacity_Usage!U13/F13) | L13: =MIN(MAX(K13,0),1) | M13: =IFERROR(Capacity_Usage!N13/Capacity_Usage!L13,0) | N13: =MIN(MAX(M13,0),1) | O13: =Capacity_Usage!E13/3 | P13: =MIN(MAX(O13,0),1) | Q13: =Policy!$B$2*H13+Policy!$B$3*J13+Policy!$B$4*L13+Policy!$B$5*N13+Policy!$B$6*P13 | R13: =IF(AND(C13=1,D13=1,E13=1,A13<>Scoring_Prod!$U$3),Q13,-1) | S13: =IF(R13<0,"",COUNTIF($R$4:$R$17,">"&R13)+1)
A14: =Capacity_Usage!B14 | B14: =Capacity_Usage!C14 | C14: =IF(Capacity_Usage!C14=Setup!$B$3,1,0) | D14: =IF(HC_Gate!K14="YES",1,0) | E14: =IF(OR(Capacity_Usage!V14="Standard",Capacity_Usage!B14=Setup!$B$8),1,0) | F14: =SUMIFS(Capacity_Usage!$U$4:$U$17,Capacity_Usage!$C$4:$C$17,Capacity_Usage!C14) | G14: =IFERROR(Capacity_Usage!N14/Capacity_Usage!L14,0) | H14: =MIN(MAX(G14,0),1) | I14: =IFERROR(Capacity_Usage!Q14/Capacity_Usage!O14,0) | J14: =MIN(MAX(I14,0),1) | K14: =IF(F14=0,Policy!$B$11,1-Capacity_Usage!U14/F14) | L14: =MIN(MAX(K14,0),1) | M14: =IFERROR(Capacity_Usage!N14/Capacity_Usage!L14,0) | N14: =MIN(MAX(M14,0),1) | O14: =Capacity_Usage!E14/3 | P14: =MIN(MAX(O14,0),1) | Q14: =Policy!$B$2*H14+Policy!$B$3*J14+Policy!$B$4*L14+Policy!$B$5*N14+Policy!$B$6*P14 | R14: =IF(AND(C14=1,D14=1,E14=1,A14<>Scoring_Prod!$U$3),Q14,-1) | S14: =IF(R14<0,"",COUNTIF($R$4:$R$17,">"&R14)+1)
A15: =Capacity_Usage!B15 | B15: =Capacity_Usage!C15 | C15: =IF(Capacity_Usage!C15=Setup!$B$3,1,0) | D15: =IF(HC_Gate!K15="YES",1,0) | E15: =IF(OR(Capacity_Usage!V15="Standard",Capacity_Usage!B15=Setup!$B$8),1,0) | F15: =SUMIFS(Capacity_Usage!$U$4:$U$17,Capacity_Usage!$C$4:$C$17,Capacity_Usage!C15) | G15: =IFERROR(Capacity_Usage!N15/Capacity_Usage!L15,0) | H15: =MIN(MAX(G15,0),1) | I15: =IFERROR(Capacity_Usage!Q15/Capacity_Usage!O15,0) | J15: =MIN(MAX(I15,0),1) | K15: =IF(F15=0,Policy!$B$11,1-Capacity_Usage!U15/F15) | L15: =MIN(MAX(K15,0),1) | M15: =IFERROR(Capacity_Usage!N15/Capacity_Usage!L15,0) | N15: =MIN(MAX(M15,0),1) | O15: =Capacity_Usage!E15/3 | P15: =MIN(MAX(O15,0),1) | Q15: =Policy!$B$2*H15+Policy!$B$3*J15+Policy!$B$4*L15+Policy!$B$5*N15+Policy!$B$6*P15 | R15: =IF(AND(C15=1,D15=1,E15=1,A15<>Scoring_Prod!$U$3),Q15,-1) | S15: =IF(R15<0,"",COUNTIF($R$4:$R$17,">"&R15)+1)
... A17: =Capacity_Usage!B17 | B17: =Capacity_Usage!C17 | C17: =IF(Capacity_Usage!C17=Setup!$B$3,1,0) | D17: =IF(HC_Gate!K17="YES",1,0) | E17: =IF(OR(Capacity_Usage!V17="Standard",Capacity_Usage!B17=Setup!$B$8),1,0) | F17: =SUMIFS(Capacity_Usage!$U$4:$U$17,Capacity_Usage!$C$4:$C$17,Capacity_Usage!C17) | G17: =IFERROR(Capacity_Usage!N17/Capacity_Usage!L17,0) | H17: =MIN(MAX(G17,0),1) | I17: =IFERROR(Capacity_Usage!Q17/Capacity_Usage!O17,0) | J17: =MIN(MAX(I17,0),1) | K17: =IF(F17=0,Policy!$B$11,1-Capacity_Usage!U17/F17) | L17: =MIN(MAX(K17,0),1) | M17: =IFERROR(Capacity_Usage!N17/Capacity_Usage!L17,0) | N17: =MIN(MAX(M17,0),1) | O17: =Capacity_Usage!E17/3 | P17: =MIN(MAX(O17,0),1) | Q17: =Policy!$B$2*H17+Policy!$B$3*J17+Policy!$B$4*L17+Policy!$B$5*N17+Policy!$B$6*P17 | R17: =IF(AND(C17=1,D17=1,E17=1,A17<>Scoring_Prod!$U$3),Q17,-1) | S17: =IF(R17<0,"",COUNTIF($R$4:$R$17,">"&R17)+1)

Sheet Scoring_DR
A1: PS_DR — DR Placement Score (Middle East scores EU regions cross-geo) | T1: DR WINNER
T2: Region | U2: =IF(Setup!$B$10="2-region",Scoring_CVAL!$U$2,IF(MAX(R4:R17)<0,"NONE ELIGIBLE",INDEX(A4:A17,MATCH(MAX(R4:R17),R4:R17,0))))
A3: Region | B3: Geography | C3: InScope | D3: Eligible | E3: AutoSel | F3: total_cust | G3: α_raw | H3: α_c | I3: β_raw | J3: β_c | K3: γ_raw | L3: γ_c | M3: δ_raw | N3: δ_c | O3: ε_raw | P3: ε_c | Q3: PS | R3: Candidate | S3: Rank | T3: Score | U3: =IF(Setup!$B$10="2-region",Scoring_CVAL!$U$3,IF(MAX(R4:R17)<0,"",MAX(R4:R17)))
A4: =Capacity_Usage!B4 | B4: =Capacity_Usage!C4 | C4: =IF(Capacity_Usage!C4=Setup!$B$11,1,0) | D4: =IF(HC_Gate!L4="YES",1,0) | E4: =IF(OR(Capacity_Usage!V4="Standard",Capacity_Usage!B4=Setup!$B$8),1,0) | F4: =SUMIFS(Capacity_Usage!$U$4:$U$17,Capacity_Usage!$C$4:$C$17,Capacity_Usage!C4) | G4: =IFERROR(Capacity_Usage!S4/Capacity_Usage!R4,0) | H4: =MIN(MAX(G4,0),1) | I4: =IFERROR(Capacity_Usage!Q4/Capacity_Usage!O4,0) | J4: =MIN(MAX(I4,0),1) | K4: =IF(F4=0,Policy!$B$11,1-Capacity_Usage!U4/F4) | L4: =MIN(MAX(K4,0),1) | M4: =IFERROR(Capacity_Usage!T4/Policy!$B$14,0) | N4: =MIN(MAX(M4,0),1) | O4: =Capacity_Usage!E4/3 | P4: =MIN(MAX(O4,0),1) | Q4: =Policy!$B$2*H4+Policy!$B$3*J4+Policy!$B$4*L4+Policy!$B$5*N4+Policy!$B$6*P4 | R4: =IF(AND(C4=1,D4=1,E4=1,A4<>Scoring_Prod!$U$3),Q4,-1) | S4: =IF(R4<0,"",COUNTIF($R$4:$R$17,">"&R4)+1)
A5: =Capacity_Usage!B5 | B5: =Capacity_Usage!C5 | C5: =IF(Capacity_Usage!C5=Setup!$B$11,1,0) | D5: =IF(HC_Gate!L5="YES",1,0) | E5: =IF(OR(Capacity_Usage!V5="Standard",Capacity_Usage!B5=Setup!$B$8),1,0) | F5: =SUMIFS(Capacity_Usage!$U$4:$U$17,Capacity_Usage!$C$4:$C$17,Capacity_Usage!C5) | G5: =IFERROR(Capacity_Usage!S5/Capacity_Usage!R5,0) | H5: =MIN(MAX(G5,0),1) | I5: =IFERROR(Capacity_Usage!Q5/Capacity_Usage!O5,0) | J5: =MIN(MAX(I5,0),1) | K5: =IF(F5=0,Policy!$B$11,1-Capacity_Usage!U5/F5) | L5: =MIN(MAX(K5,0),1) | M5: =IFERROR(Capacity_Usage!T5/Policy!$B$14,0) | N5: =MIN(MAX(M5,0),1) | O5: =Capacity_Usage!E5/3 | P5: =MIN(MAX(O5,0),1) | Q5: =Policy!$B$2*H5+Policy!$B$3*J5+Policy!$B$4*L5+Policy!$B$5*N5+Policy!$B$6*P5 | R5: =IF(AND(C5=1,D5=1,E5=1,A5<>Scoring_Prod!$U$3),Q5,-1) | S5: =IF(R5<0,"",COUNTIF($R$4:$R$17,">"&R5)+1)
A6: =Capacity_Usage!B6 | B6: =Capacity_Usage!C6 | C6: =IF(Capacity_Usage!C6=Setup!$B$11,1,0) | D6: =IF(HC_Gate!L6="YES",1,0) | E6: =IF(OR(Capacity_Usage!V6="Standard",Capacity_Usage!B6=Setup!$B$8),1,0) | F6: =SUMIFS(Capacity_Usage!$U$4:$U$17,Capacity_Usage!$C$4:$C$17,Capacity_Usage!C6) | G6: =IFERROR(Capacity_Usage!S6/Capacity_Usage!R6,0) | H6: =MIN(MAX(G6,0),1) | I6: =IFERROR(Capacity_Usage!Q6/Capacity_Usage!O6,0) | J6: =MIN(MAX(I6,0),1) | K6: =IF(F6=0,Policy!$B$11,1-Capacity_Usage!U6/F6) | L6: =MIN(MAX(K6,0),1) | M6: =IFERROR(Capacity_Usage!T6/Policy!$B$14,0) | N6: =MIN(MAX(M6,0),1) | O6: =Capacity_Usage!E6/3 | P6: =MIN(MAX(O6,0),1) | Q6: =Policy!$B$2*H6+Policy!$B$3*J6+Policy!$B$4*L6+Policy!$B$5*N6+Policy!$B$6*P6 | R6: =IF(AND(C6=1,D6=1,E6=1,A6<>Scoring_Prod!$U$3),Q6,-1) | S6: =IF(R6<0,"",COUNTIF($R$4:$R$17,">"&R6)+1)
A7: =Capacity_Usage!B7 | B7: =Capacity_Usage!C7 | C7: =IF(Capacity_Usage!C7=Setup!$B$11,1,0) | D7: =IF(HC_Gate!L7="YES",1,0) | E7: =IF(OR(Capacity_Usage!V7="Standard",Capacity_Usage!B7=Setup!$B$8),1,0) | F7: =SUMIFS(Capacity_Usage!$U$4:$U$17,Capacity_Usage!$C$4:$C$17,Capacity_Usage!C7) | G7: =IFERROR(Capacity_Usage!S7/Capacity_Usage!R7,0) | H7: =MIN(MAX(G7,0),1) | I7: =IFERROR(Capacity_Usage!Q7/Capacity_Usage!O7,0) | J7: =MIN(MAX(I7,0),1) | K7: =IF(F7=0,Policy!$B$11,1-Capacity_Usage!U7/F7) | L7: =MIN(MAX(K7,0),1) | M7: =IFERROR(Capacity_Usage!T7/Policy!$B$14,0) | N7: =MIN(MAX(M7,0),1) | O7: =Capacity_Usage!E7/3 | P7: =MIN(MAX(O7,0),1) | Q7: =Policy!$B$2*H7+Policy!$B$3*J7+Policy!$B$4*L7+Policy!$B$5*N7+Policy!$B$6*P7 | R7: =IF(AND(C7=1,D7=1,E7=1,A7<>Scoring_Prod!$U$3),Q7,-1) | S7: =IF(R7<0,"",COUNTIF($R$4:$R$17,">"&R7)+1)
A8: =Capacity_Usage!B8 | B8: =Capacity_Usage!C8 | C8: =IF(Capacity_Usage!C8=Setup!$B$11,1,0) | D8: =IF(HC_Gate!L8="YES",1,0) | E8: =IF(OR(Capacity_Usage!V8="Standard",Capacity_Usage!B8=Setup!$B$8),1,0) | F8: =SUMIFS(Capacity_Usage!$U$4:$U$17,Capacity_Usage!$C$4:$C$17,Capacity_Usage!C8) | G8: =IFERROR(Capacity_Usage!S8/Capacity_Usage!R8,0) | H8: =MIN(MAX(G8,0),1) | I8: =IFERROR(Capacity_Usage!Q8/Capacity_Usage!O8,0) | J8: =MIN(MAX(I8,0),1) | K8: =IF(F8=0,Policy!$B$11,1-Capacity_Usage!U8/F8) | L8: =MIN(MAX(K8,0),1) | M8: =IFERROR(Capacity_Usage!T8/Policy!$B$14,0) | N8: =MIN(MAX(M8,0),1) | O8: =Capacity_Usage!E8/3 | P8: =MIN(MAX(O8,0),1) | Q8: =Policy!$B$2*H8+Policy!$B$3*J8+Policy!$B$4*L8+Policy!$B$5*N8+Policy!$B$6*P8 | R8: =IF(AND(C8=1,D8=1,E8=1,A8<>Scoring_Prod!$U$3),Q8,-1) | S8: =IF(R8<0,"",COUNTIF($R$4:$R$17,">"&R8)+1)
A9: =Capacity_Usage!B9 | B9: =Capacity_Usage!C9 | C9: =IF(Capacity_Usage!C9=Setup!$B$11,1,0) | D9: =IF(HC_Gate!L9="YES",1,0) | E9: =IF(OR(Capacity_Usage!V9="Standard",Capacity_Usage!B9=Setup!$B$8),1,0) | F9: =SUMIFS(Capacity_Usage!$U$4:$U$17,Capacity_Usage!$C$4:$C$17,Capacity_Usage!C9) | G9: =IFERROR(Capacity_Usage!S9/Capacity_Usage!R9,0) | H9: =MIN(MAX(G9,0),1) | I9: =IFERROR(Capacity_Usage!Q9/Capacity_Usage!O9,0) | J9: =MIN(MAX(I9,0),1) | K9: =IF(F9=0,Policy!$B$11,1-Capacity_Usage!U9/F9) | L9: =MIN(MAX(K9,0),1) | M9: =IFERROR(Capacity_Usage!T9/Policy!$B$14,0) | N9: =MIN(MAX(M9,0),1) | O9: =Capacity_Usage!E9/3 | P9: =MIN(MAX(O9,0),1) | Q9: =Policy!$B$2*H9+Policy!$B$3*J9+Policy!$B$4*L9+Policy!$B$5*N9+Policy!$B$6*P9 | R9: =IF(AND(C9=1,D9=1,E9=1,A9<>Scoring_Prod!$U$3),Q9,-1) | S9: =IF(R9<0,"",COUNTIF($R$4:$R$17,">"&R9)+1)
A10: =Capacity_Usage!B10 | B10: =Capacity_Usage!C10 | C10: =IF(Capacity_Usage!C10=Setup!$B$11,1,0) | D10: =IF(HC_Gate!L10="YES",1,0) | E10: =IF(OR(Capacity_Usage!V10="Standard",Capacity_Usage!B10=Setup!$B$8),1,0) | F10: =SUMIFS(Capacity_Usage!$U$4:$U$17,Capacity_Usage!$C$4:$C$17,Capacity_Usage!C10) | G10: =IFERROR(Capacity_Usage!S10/Capacity_Usage!R10,0) | H10: =MIN(MAX(G10,0),1) | I10: =IFERROR(Capacity_Usage!Q10/Capacity_Usage!O10,0) | J10: =MIN(MAX(I10,0),1) | K10: =IF(F10=0,Policy!$B$11,1-Capacity_Usage!U10/F10) | L10: =MIN(MAX(K10,0),1) | M10: =IFERROR(Capacity_Usage!T10/Policy!$B$14,0) | N10: =MIN(MAX(M10,0),1) | O10: =Capacity_Usage!E10/3 | P10: =MIN(MAX(O10,0),1) | Q10: =Policy!$B$2*H10+Policy!$B$3*J10+Policy!$B$4*L10+Policy!$B$5*N10+Policy!$B$6*P10 | R10: =IF(AND(C10=1,D10=1,E10=1,A10<>Scoring_Prod!$U$3),Q10,-1) | S10: =IF(R10<0,"",COUNTIF($R$4:$R$17,">"&R10)+1)
A11: =Capacity_Usage!B11 | B11: =Capacity_Usage!C11 | C11: =IF(Capacity_Usage!C11=Setup!$B$11,1,0) | D11: =IF(HC_Gate!L11="YES",1,0) | E11: =IF(OR(Capacity_Usage!V11="Standard",Capacity_Usage!B11=Setup!$B$8),1,0) | F11: =SUMIFS(Capacity_Usage!$U$4:$U$17,Capacity_Usage!$C$4:$C$17,Capacity_Usage!C11) | G11: =IFERROR(Capacity_Usage!S11/Capacity_Usage!R11,0) | H11: =MIN(MAX(G11,0),1) | I11: =IFERROR(Capacity_Usage!Q11/Capacity_Usage!O11,0) | J11: =MIN(MAX(I11,0),1) | K11: =IF(F11=0,Policy!$B$11,1-Capacity_Usage!U11/F11) | L11: =MIN(MAX(K11,0),1) | M11: =IFERROR(Capacity_Usage!T11/Policy!$B$14,0) | N11: =MIN(MAX(M11,0),1) | O11: =Capacity_Usage!E11/3 | P11: =MIN(MAX(O11,0),1) | Q11: =Policy!$B$2*H11+Policy!$B$3*J11+Policy!$B$4*L11+Policy!$B$5*N11+Policy!$B$6*P11 | R11: =IF(AND(C11=1,D11=1,E11=1,A11<>Scoring_Prod!$U$3),Q11,-1) | S11: =IF(R11<0,"",COUNTIF($R$4:$R$17,">"&R11)+1)
A12: =Capacity_Usage!B12 | B12: =Capacity_Usage!C12 | C12: =IF(Capacity_Usage!C12=Setup!$B$11,1,0) | D12: =IF(HC_Gate!L12="YES",1,0) | E12: =IF(OR(Capacity_Usage!V12="Standard",Capacity_Usage!B12=Setup!$B$8),1,0) | F12: =SUMIFS(Capacity_Usage!$U$4:$U$17,Capacity_Usage!$C$4:$C$17,Capacity_Usage!C12) | G12: =IFERROR(Capacity_Usage!S12/Capacity_Usage!R12,0) | H12: =MIN(MAX(G12,0),1) | I12: =IFERROR(Capacity_Usage!Q12/Capacity_Usage!O12,0) | J12: =MIN(MAX(I12,0),1) | K12: =IF(F12=0,Policy!$B$11,1-Capacity_Usage!U12/F12) | L12: =MIN(MAX(K12,0),1) | M12: =IFERROR(Capacity_Usage!T12/Policy!$B$14,0) | N12: =MIN(MAX(M12,0),1) | O12: =Capacity_Usage!E12/3 | P12: =MIN(MAX(O12,0),1) | Q12: =Policy!$B$2*H12+Policy!$B$3*J12+Policy!$B$4*L12+Policy!$B$5*N12+Policy!$B$6*P12 | R12: =IF(AND(C12=1,D12=1,E12=1,A12<>Scoring_Prod!$U$3),Q12,-1) | S12: =IF(R12<0,"",COUNTIF($R$4:$R$17,">"&R12)+1)
A13: =Capacity_Usage!B13 | B13: =Capacity_Usage!C13 | C13: =IF(Capacity_Usage!C13=Setup!$B$11,1,0) | D13: =IF(HC_Gate!L13="YES",1,0) | E13: =IF(OR(Capacity_Usage!V13="Standard",Capacity_Usage!B13=Setup!$B$8),1,0) | F13: =SUMIFS(Capacity_Usage!$U$4:$U$17,Capacity_Usage!$C$4:$C$17,Capacity_Usage!C13) | G13: =IFERROR(Capacity_Usage!S13/Capacity_Usage!R13,0) | H13: =MIN(MAX(G13,0),1) | I13: =IFERROR(Capacity_Usage!Q13/Capacity_Usage!O13,0) | J13: =MIN(MAX(I13,0),1) | K13: =IF(F13=0,Policy!$B$11,1-Capacity_Usage!U13/F13) | L13: =MIN(MAX(K13,0),1) | M13: =IFERROR(Capacity_Usage!T13/Policy!$B$14,0) | N13: =MIN(MAX(M13,0),1) | O13: =Capacity_Usage!E13/3 | P13: =MIN(MAX(O13,0),1) | Q13: =Policy!$B$2*H13+Policy!$B$3*J13+Policy!$B$4*L13+Policy!$B$5*N13+Policy!$B$6*P13 | R13: =IF(AND(C13=1,D13=1,E13=1,A13<>Scoring_Prod!$U$3),Q13,-1) | S13: =IF(R13<0,"",COUNTIF($R$4:$R$17,">"&R13)+1)
A14: =Capacity_Usage!B14 | B14: =Capacity_Usage!C14 | C14: =IF(Capacity_Usage!C14=Setup!$B$11,1,0) | D14: =IF(HC_Gate!L14="YES",1,0) | E14: =IF(OR(Capacity_Usage!V14="Standard",Capacity_Usage!B14=Setup!$B$8),1,0) | F14: =SUMIFS(Capacity_Usage!$U$4:$U$17,Capacity_Usage!$C$4:$C$17,Capacity_Usage!C14) | G14: =IFERROR(Capacity_Usage!S14/Capacity_Usage!R14,0) | H14: =MIN(MAX(G14,0),1) | I14: =IFERROR(Capacity_Usage!Q14/Capacity_Usage!O14,0) | J14: =MIN(MAX(I14,0),1) | K14: =IF(F14=0,Policy!$B$11,1-Capacity_Usage!U14/F14) | L14: =MIN(MAX(K14,0),1) | M14: =IFERROR(Capacity_Usage!T14/Policy!$B$14,0) | N14: =MIN(MAX(M14,0),1) | O14: =Capacity_Usage!E14/3 | P14: =MIN(MAX(O14,0),1) | Q14: =Policy!$B$2*H14+Policy!$B$3*J14+Policy!$B$4*L14+Policy!$B$5*N14+Policy!$B$6*P14 | R14: =IF(AND(C14=1,D14=1,E14=1,A14<>Scoring_Prod!$U$3),Q14,-1) | S14: =IF(R14<0,"",COUNTIF($R$4:$R$17,">"&R14)+1)
A15: =Capacity_Usage!B15 | B15: =Capacity_Usage!C15 | C15: =IF(Capacity_Usage!C15=Setup!$B$11,1,0) | D15: =IF(HC_Gate!L15="YES",1,0) | E15: =IF(OR(Capacity_Usage!V15="Standard",Capacity_Usage!B15=Setup!$B$8),1,0) | F15: =SUMIFS(Capacity_Usage!$U$4:$U$17,Capacity_Usage!$C$4:$C$17,Capacity_Usage!C15) | G15: =IFERROR(Capacity_Usage!S15/Capacity_Usage!R15,0) | H15: =MIN(MAX(G15,0),1) | I15: =IFERROR(Capacity_Usage!Q15/Capacity_Usage!O15,0) | J15: =MIN(MAX(I15,0),1) | K15: =IF(F15=0,Policy!$B$11,1-Capacity_Usage!U15/F15) | L15: =MIN(MAX(K15,0),1) | M15: =IFERROR(Capacity_Usage!T15/Policy!$B$14,0) | N15: =MIN(MAX(M15,0),1) | O15: =Capacity_Usage!E15/3 | P15: =MIN(MAX(O15,0),1) | Q15: =Policy!$B$2*H15+Policy!$B$3*J15+Policy!$B$4*L15+Policy!$B$5*N15+Policy!$B$6*P15 | R15: =IF(AND(C15=1,D15=1,E15=1,A15<>Scoring_Prod!$U$3),Q15,-1) | S15: =IF(R15<0,"",COUNTIF($R$4:$R$17,">"&R15)+1)
... A17: =Capacity_Usage!B17 | B17: =Capacity_Usage!C17 | C17: =IF(Capacity_Usage!C17=Setup!$B$11,1,0) | D17: =IF(HC_Gate!L17="YES",1,0) | E17: =IF(OR(Capacity_Usage!V17="Standard",Capacity_Usage!B17=Setup!$B$8),1,0) | F17: =SUMIFS(Capacity_Usage!$U$4:$U$17,Capacity_Usage!$C$4:$C$17,Capacity_Usage!C17) | G17: =IFERROR(Capacity_Usage!S17/Capacity_Usage!R17,0) | H17: =MIN(MAX(G17,0),1) | I17: =IFERROR(Capacity_Usage!Q17/Capacity_Usage!O17,0) | J17: =MIN(MAX(I17,0),1) | K17: =IF(F17=0,Policy!$B$11,1-Capacity_Usage!U17/F17) | L17: =MIN(MAX(K17,0),1) | M17: =IFERROR(Capacity_Usage!T17/Policy!$B$14,0) | N17: =MIN(MAX(M17,0),1) | O17: =Capacity_Usage!E17/3 | P17: =MIN(MAX(O17,0),1) | Q17: =Policy!$B$2*H17+Policy!$B$3*J17+Policy!$B$4*L17+Policy!$B$5*N17+Policy!$B$6*P17 | R17: =IF(AND(C17=1,D17=1,E17=1,A17<>Scoring_Prod!$U$3),Q17,-1) | S17: =IF(R17<0,"",COUNTIF($R$4:$R$17,">"&R17)+1)

Sheet Result
A1: RESULT — Region Selection (What-If, ACRME catalogue)
A3: Customer ID | B3: =Setup!B9 | E3: DR SIZING (max-not-sum, A.6 / DR-017) | H3: RANKED CANDIDATE REGIONS (Rank 1 = highest PS; blank = not a candidate for this mode)
A4: Geography | B4: =Setup!B3 | H4: Prod | K4: CVAL | N4: DR
A5: Workload SKUs | B5: =Setup!B6 | E5: DR region | F5: =B11 | H5: Rank | I5: Region | J5: PS | K5: Rank | L5: Region | M5: PS | N5: Rank | O5: Region | P5: PS
A6: Requested vCPU | B6: =Setup!B7 | E6: Max source customers | F6: =SUMPRODUCT(MAX((Capacity_Usage!$C$4:$C$17=Setup!$B$11)*Capacity_Usage!$U$4:$U$17)) | H6: =IFERROR(IF(INDEX(Scoring_Prod!$S$4:$S$17,MATCH(1,Scoring_Prod!$S$4:$S$17,0))="","",1),"") | I6: =IFERROR(INDEX(Scoring_Prod!$A$4:$A$17,MATCH(1,Scoring_Prod!$S$4:$S$17,0)),"") | J6: =IFERROR(INDEX(Scoring_Prod!$Q$4:$Q$17,MATCH(1,Scoring_Prod!$S$4:$S$17,0)),"") | K6: =IFERROR(IF(INDEX(Scoring_CVAL!$S$4:$S$17,MATCH(1,Scoring_CVAL!$S$4:$S$17,0))="","",1),"") | L6: =IFERROR(INDEX(Scoring_CVAL!$A$4:$A$17,MATCH(1,Scoring_CVAL!$S$4:$S$17,0)),"") | M6: =IFERROR(INDEX(Scoring_CVAL!$Q$4:$Q$17,MATCH(1,Scoring_CVAL!$S$4:$S$17,0)),"") | N6: =IFERROR(IF(INDEX(Scoring_DR!$S$4:$S$17,MATCH(1,Scoring_DR!$S$4:$S$17,0))="","",1),"") | O6: =IFERROR(INDEX(Scoring_DR!$A$4:$A$17,MATCH(1,Scoring_DR!$S$4:$S$17,0)),"") | P6: =IFERROR(INDEX(Scoring_DR!$Q$4:$Q$17,MATCH(1,Scoring_DR!$S$4:$S$17,0)),"")
E7: × Requested vCPU | F7: =Setup!B7 | H7: =IFERROR(IF(INDEX(Scoring_Prod!$S$4:$S$17,MATCH(2,Scoring_Prod!$S$4:$S$17,0))="","",2),"") | I7: =IFERROR(INDEX(Scoring_Prod!$A$4:$A$17,MATCH(2,Scoring_Prod!$S$4:$S$17,0)),"") | J7: =IFERROR(INDEX(Scoring_Prod!$Q$4:$Q$17,MATCH(2,Scoring_Prod!$S$4:$S$17,0)),"") | K7: =IFERROR(IF(INDEX(Scoring_CVAL!$S$4:$S$17,MATCH(2,Scoring_CVAL!$S$4:$S$17,0))="","",2),"") | L7: =IFERROR(INDEX(Scoring_CVAL!$A$4:$A$17,MATCH(2,Scoring_CVAL!$S$4:$S$17,0)),"") | M7: =IFERROR(INDEX(Scoring_CVAL!$Q$4:$Q$17,MATCH(2,Scoring_CVAL!$S$4:$S$17,0)),"") | N7: =IFERROR(IF(INDEX(Scoring_DR!$S$4:$S$17,MATCH(2,Scoring_DR!$S$4:$S$17,0))="","",2),"") | O7: =IFERROR(INDEX(Scoring_DR!$A$4:$A$17,MATCH(2,Scoring_DR!$S$4:$S$17,0)),"") | P7: =IFERROR(INDEX(Scoring_DR!$Q$4:$Q$17,MATCH(2,Scoring_DR!$S$4:$S$17,0)),"")
A8: Environment | B8: Region | C8: Score | E8: DR Requirement (max-not-sum) | F8: =F6*F7 | H8: =IFERROR(IF(INDEX(Scoring_Prod!$S$4:$S$17,MATCH(3,Scoring_Prod!$S$4:$S$17,0))="","",3),"") | I8: =IFERROR(INDEX(Scoring_Prod!$A$4:$A$17,MATCH(3,Scoring_Prod!$S$4:$S$17,0)),"") | J8: =IFERROR(INDEX(Scoring_Prod!$Q$4:$Q$17,MATCH(3,Scoring_Prod!$S$4:$S$17,0)),"") | K8: =IFERROR(IF(INDEX(Scoring_CVAL!$S$4:$S$17,MATCH(3,Scoring_CVAL!$S$4:$S$17,0))="","",3),"") | L8: =IFERROR(INDEX(Scoring_CVAL!$A$4:$A$17,MATCH(3,Scoring_CVAL!$S$4:$S$17,0)),"") | M8: =IFERROR(INDEX(Scoring_CVAL!$Q$4:$Q$17,MATCH(3,Scoring_CVAL!$S$4:$S$17,0)),"") | N8: =IFERROR(IF(INDEX(Scoring_DR!$S$4:$S$17,MATCH(3,Scoring_DR!$S$4:$S$17,0))="","",3),"") | O8: =IFERROR(INDEX(Scoring_DR!$A$4:$A$17,MATCH(3,Scoring_DR!$S$4:$S$17,0)),"") | P8: =IFERROR(INDEX(Scoring_DR!$Q$4:$Q$17,MATCH(3,Scoring_DR!$S$4:$S$17,0)),"")
A9: Prod | B9: =Scoring_Prod!U3 | C9: =Scoring_Prod!U4 | E9: DR Reserved (region) | F9: =IFERROR(INDEX(Capacity_Usage!$R$4:$R$17,MATCH(B11,Capacity_Usage!$B$4:$B$17,0)),0) | H9: =IFERROR(IF(INDEX(Scoring_Prod!$S$4:$S$17,MATCH(4,Scoring_Prod!$S$4:$S$17,0))="","",4),"") | I9: =IFERROR(INDEX(Scoring_Prod!$A$4:$A$17,MATCH(4,Scoring_Prod!$S$4:$S$17,0)),"") | J9: =IFERROR(INDEX(Scoring_Prod!$Q$4:$Q$17,MATCH(4,Scoring_Prod!$S$4:$S$17,0)),"") | K9: =IFERROR(IF(INDEX(Scoring_CVAL!$S$4:$S$17,MATCH(4,Scoring_CVAL!$S$4:$S$17,0))="","",4),"") | L9: =IFERROR(INDEX(Scoring_CVAL!$A$4:$A$17,MATCH(4,Scoring_CVAL!$S$4:$S$17,0)),"") | M9: =IFERROR(INDEX(Scoring_CVAL!$Q$4:$Q$17,MATCH(4,Scoring_CVAL!$S$4:$S$17,0)),"") | N9: =IFERROR(IF(INDEX(Scoring_DR!$S$4:$S$17,MATCH(4,Scoring_DR!$S$4:$S$17,0))="","",4),"") | O9: =IFERROR(INDEX(Scoring_DR!$A$4:$A$17,MATCH(4,Scoring_DR!$S$4:$S$17,0)),"") | P9: =IFERROR(INDEX(Scoring_DR!$Q$4:$Q$17,MATCH(4,Scoring_DR!$S$4:$S$17,0)),"")
A10: CVAL | B10: =Scoring_CVAL!U2 | C10: =Scoring_CVAL!U3 | E10: DR Gap | F10: =MAX(0,F8-F9) | H10: =IFERROR(IF(INDEX(Scoring_Prod!$S$4:$S$17,MATCH(5,Scoring_Prod!$S$4:$S$17,0))="","",5),"") | I10: =IFERROR(INDEX(Scoring_Prod!$A$4:$A$17,MATCH(5,Scoring_Prod!$S$4:$S$17,0)),"") | J10: =IFERROR(INDEX(Scoring_Prod!$Q$4:$Q$17,MATCH(5,Scoring_Prod!$S$4:$S$17,0)),"") | K10: =IFERROR(IF(INDEX(Scoring_CVAL!$S$4:$S$17,MATCH(5,Scoring_CVAL!$S$4:$S$17,0))="","",5),"") | L10: =IFERROR(INDEX(Scoring_CVAL!$A$4:$A$17,MATCH(5,Scoring_CVAL!$S$4:$S$17,0)),"") | M10: =IFERROR(INDEX(Scoring_CVAL!$Q$4:$Q$17,MATCH(5,Scoring_CVAL!$S$4:$S$17,0)),"") | N10: =IFERROR(IF(INDEX(Scoring_DR!$S$4:$S$17,MATCH(5,Scoring_DR!$S$4:$S$17,0))="","",5),"") | O10: =IFERROR(INDEX(Scoring_DR!$A$4:$A$17,MATCH(5,Scoring_DR!$S$4:$S$17,0)),"") | P10: =IFERROR(INDEX(Scoring_DR!$Q$4:$Q$17,MATCH(5,Scoring_DR!$S$4:$S$17,0)),"")
A11: DR | B11: =Scoring_DR!U2 | C11: =Scoring_DR!U3 | E11: Note: illustrative — sources = regions in DR scope geography. | H11: =IFERROR(IF(INDEX(Scoring_Prod!$S$4:$S$17,MATCH(6,Scoring_Prod!$S$4:$S$17,0))="","",6),"") | I11: =IFERROR(INDEX(Scoring_Prod!$A$4:$A$17,MATCH(6,Scoring_Prod!$S$4:$S$17,0)),"") | J11: =IFERROR(INDEX(Scoring_Prod!$Q$4:$Q$17,MATCH(6,Scoring_Prod!$S$4:$S$17,0)),"") | K11: =IFERROR(IF(INDEX(Scoring_CVAL!$S$4:$S$17,MATCH(6,Scoring_CVAL!$S$4:$S$17,0))="","",6),"") | L11: =IFERROR(INDEX(Scoring_CVAL!$A$4:$A$17,MATCH(6,Scoring_CVAL!$S$4:$S$17,0)),"") | M11: =IFERROR(INDEX(Scoring_CVAL!$Q$4:$Q$17,MATCH(6,Scoring_CVAL!$S$4:$S$17,0)),"") | N11: =IFERROR(IF(INDEX(Scoring_DR!$S$4:$S$17,MATCH(6,Scoring_DR!$S$4:$S$17,0))="","",6),"") | O11: =IFERROR(INDEX(Scoring_DR!$A$4:$A$17,MATCH(6,Scoring_DR!$S$4:$S$17,0)),"") | P11: =IFERROR(INDEX(Scoring_DR!$Q$4:$Q$17,MATCH(6,Scoring_DR!$S$4:$S$17,0)),"")
H12: =IFERROR(IF(INDEX(Scoring_Prod!$S$4:$S$17,MATCH(7,Scoring_Prod!$S$4:$S$17,0))="","",7),"") | I12: =IFERROR(INDEX(Scoring_Prod!$A$4:$A$17,MATCH(7,Scoring_Prod!$S$4:$S$17,0)),"") | J12: =IFERROR(INDEX(Scoring_Prod!$Q$4:$Q$17,MATCH(7,Scoring_Prod!$S$4:$S$17,0)),"") | K12: =IFERROR(IF(INDEX(Scoring_CVAL!$S$4:$S$17,MATCH(7,Scoring_CVAL!$S$4:$S$17,0))="","",7),"") | L12: =IFERROR(INDEX(Scoring_CVAL!$A$4:$A$17,MATCH(7,Scoring_CVAL!$S$4:$S$17,0)),"") | M12: =IFERROR(INDEX(Scoring_CVAL!$Q$4:$Q$17,MATCH(7,Scoring_CVAL!$S$4:$S$17,0)),"") | N12: =IFERROR(IF(INDEX(Scoring_DR!$S$4:$S$17,MATCH(7,Scoring_DR!$S$4:$S$17,0))="","",7),"") | O12: =IFERROR(INDEX(Scoring_DR!$A$4:$A$17,MATCH(7,Scoring_DR!$S$4:$S$17,0)),"") | P12: =IFERROR(INDEX(Scoring_DR!$Q$4:$Q$17,MATCH(7,Scoring_DR!$S$4:$S$17,0)),"")
A13: Readiness State | B13: =IF(B9="NONE ELIGIBLE","QUOTA_DEFICIT / NEEDS EXPLICIT REGION (Prod)",IF(B10="NONE ELIGIBLE","CAPACITY_UNAVAILABLE (CVAL)",IF(B11="NONE ELIGIBLE","READY_WITH_RISK (no DR region)","READY"))) | H13: =IFERROR(IF(INDEX(Scoring_Prod!$S$4:$S$17,MATCH(8,Scoring_Prod!$S$4:$S$17,0))="","",8),"") | I13: =IFERROR(INDEX(Scoring_Prod!$A$4:$A$17,MATCH(8,Scoring_Prod!$S$4:$S$17,0)),"") | J13: =IFERROR(INDEX(Scoring_Prod!$Q$4:$Q$17,MATCH(8,Scoring_Prod!$S$4:$S$17,0)),"") | K13: =IFERROR(IF(INDEX(Scoring_CVAL!$S$4:$S$17,MATCH(8,Scoring_CVAL!$S$4:$S$17,0))="","",8),"") | L13: =IFERROR(INDEX(Scoring_CVAL!$A$4:$A$17,MATCH(8,Scoring_CVAL!$S$4:$S$17,0)),"") | M13: =IFERROR(INDEX(Scoring_CVAL!$Q$4:$Q$17,MATCH(8,Scoring_CVAL!$S$4:$S$17,0)),"") | N13: =IFERROR(IF(INDEX(Scoring_DR!$S$4:$S$17,MATCH(8,Scoring_DR!$S$4:$S$17,0))="","",8),"") | O13: =IFERROR(INDEX(Scoring_DR!$A$4:$A$17,MATCH(8,Scoring_DR!$S$4:$S$17,0)),"") | P13: =IFERROR(INDEX(Scoring_DR!$Q$4:$Q$17,MATCH(8,Scoring_DR!$S$4:$S$17,0)),"")
H14: =IFERROR(IF(INDEX(Scoring_Prod!$S$4:$S$17,MATCH(9,Scoring_Prod!$S$4:$S$17,0))="","",9),"") | I14: =IFERROR(INDEX(Scoring_Prod!$A$4:$A$17,MATCH(9,Scoring_Prod!$S$4:$S$17,0)),"") | J14: =IFERROR(INDEX(Scoring_Prod!$Q$4:$Q$17,MATCH(9,Scoring_Prod!$S$4:$S$17,0)),"") | K14: =IFERROR(IF(INDEX(Scoring_CVAL!$S$4:$S$17,MATCH(9,Scoring_CVAL!$S$4:$S$17,0))="","",9),"") | L14: =IFERROR(INDEX(Scoring_CVAL!$A$4:$A$17,MATCH(9,Scoring_CVAL!$S$4:$S$17,0)),"") | M14: =IFERROR(INDEX(Scoring_CVAL!$Q$4:$Q$17,MATCH(9,Scoring_CVAL!$S$4:$S$17,0)),"") | N14: =IFERROR(IF(INDEX(Scoring_DR!$S$4:$S$17,MATCH(9,Scoring_DR!$S$4:$S$17,0))="","",9),"") | O14: =IFERROR(INDEX(Scoring_DR!$A$4:$A$17,MATCH(9,Scoring_DR!$S$4:$S$17,0)),"") | P14: =IFERROR(INDEX(Scoring_DR!$Q$4:$Q$17,MATCH(9,Scoring_DR!$S$4:$S$17,0)),"")
A15: Policy version | B15: ="whatif-catalogue-v1 (weights "&TEXT(Policy!B7,"0.00")&" — "&Policy!B8&")" | H15: =IFERROR(IF(INDEX(Scoring_Prod!$S$4:$S$17,MATCH(10,Scoring_Prod!$S$4:$S$17,0))="","",10),"") | I15: =IFERROR(INDEX(Scoring_Prod!$A$4:$A$17,MATCH(10,Scoring_Prod!$S$4:$S$17,0)),"") | J15: =IFERROR(INDEX(Scoring_Prod!$Q$4:$Q$17,MATCH(10,Scoring_Prod!$S$4:$S$17,0)),"") | K15: =IFERROR(IF(INDEX(Scoring_CVAL!$S$4:$S$17,MATCH(10,Scoring_CVAL!$S$4:$S$17,0))="","",10),"") | L15: =IFERROR(INDEX(Scoring_CVAL!$A$4:$A$17,MATCH(10,Scoring_CVAL!$S$4:$S$17,0)),"") | M15: =IFERROR(INDEX(Scoring_CVAL!$Q$4:$Q$17,MATCH(10,Scoring_CVAL!$S$4:$S$17,0)),"") | N15: =IFERROR(IF(INDEX(Scoring_DR!$S$4:$S$17,MATCH(10,Scoring_DR!$S$4:$S$17,0))="","",10),"") | O15: =IFERROR(INDEX(Scoring_DR!$A$4:$A$17,MATCH(10,Scoring_DR!$S$4:$S$17,0)),"") | P15: =IFERROR(INDEX(Scoring_DR!$Q$4:$Q$17,MATCH(10,Scoring_DR!$S$4:$S$17,0)),"")
H16: =IFERROR(IF(INDEX(Scoring_Prod!$S$4:$S$17,MATCH(11,Scoring_Prod!$S$4:$S$17,0))="","",11),"") | I16: =IFERROR(INDEX(Scoring_Prod!$A$4:$A$17,MATCH(11,Scoring_Prod!$S$4:$S$17,0)),"") | J16: =IFERROR(INDEX(Scoring_Prod!$Q$4:$Q$17,MATCH(11,Scoring_Prod!$S$4:$S$17,0)),"") | K16: =IFERROR(IF(INDEX(Scoring_CVAL!$S$4:$S$17,MATCH(11,Scoring_CVAL!$S$4:$S$17,0))="","",11),"") | L16: =IFERROR(INDEX(Scoring_CVAL!$A$4:$A$17,MATCH(11,Scoring_CVAL!$S$4:$S$17,0)),"") | M16: =IFERROR(INDEX(Scoring_CVAL!$Q$4:$Q$17,MATCH(11,Scoring_CVAL!$S$4:$S$17,0)),"") | N16: =IFERROR(IF(INDEX(Scoring_DR!$S$4:$S$17,MATCH(11,Scoring_DR!$S$4:$S$17,0))="","",11),"") | O16: =IFERROR(INDEX(Scoring_DR!$A$4:$A$17,MATCH(11,Scoring_DR!$S$4:$S$17,0)),"") | P16: =IFERROR(INDEX(Scoring_DR!$Q$4:$Q$17,MATCH(11,Scoring_DR!$S$4:$S$17,0)),"")
H17: =IFERROR(IF(INDEX(Scoring_Prod!$S$4:$S$17,MATCH(12,Scoring_Prod!$S$4:$S$17,0))="","",12),"") | I17: =IFERROR(INDEX(Scoring_Prod!$A$4:$A$17,MATCH(12,Scoring_Prod!$S$4:$S$17,0)),"") | J17: =IFERROR(INDEX(Scoring_Prod!$Q$4:$Q$17,MATCH(12,Scoring_Prod!$S$4:$S$17,0)),"") | K17: =IFERROR(IF(INDEX(Scoring_CVAL!$S$4:$S$17,MATCH(12,Scoring_CVAL!$S$4:$S$17,0))="","",12),"") | L17: =IFERROR(INDEX(Scoring_CVAL!$A$4:$A$17,MATCH(12,Scoring_CVAL!$S$4:$S$17,0)),"") | M17: =IFERROR(INDEX(Scoring_CVAL!$Q$4:$Q$17,MATCH(12,Scoring_CVAL!$S$4:$S$17,0)),"") | N17: =IFERROR(IF(INDEX(Scoring_DR!$S$4:$S$17,MATCH(12,Scoring_DR!$S$4:$S$17,0))="","",12),"") | O17: =IFERROR(INDEX(Scoring_DR!$A$4:$A$17,MATCH(12,Scoring_DR!$S$4:$S$17,0)),"") | P17: =IFERROR(INDEX(Scoring_DR!$Q$4:$Q$17,MATCH(12,Scoring_DR!$S$4:$S$17,0)),"")
H18: =IFERROR(IF(INDEX(Scoring_Prod!$S$4:$S$17,MATCH(13,Scoring_Prod!$S$4:$S$17,0))="","",13),"") | I18: =IFERROR(INDEX(Scoring_Prod!$A$4:$A$17,MATCH(13,Scoring_Prod!$S$4:$S$17,0)),"") | J18: =IFERROR(INDEX(Scoring_Prod!$Q$4:$Q$17,MATCH(13,Scoring_Prod!$S$4:$S$17,0)),"") | K18: =IFERROR(IF(INDEX(Scoring_CVAL!$S$4:$S$17,MATCH(13,Scoring_CVAL!$S$4:$S$17,0))="","",13),"") | L18: =IFERROR(INDEX(Scoring_CVAL!$A$4:$A$17,MATCH(13,Scoring_CVAL!$S$4:$S$17,0)),"") | M18: =IFERROR(INDEX(Scoring_CVAL!$Q$4:$Q$17,MATCH(13,Scoring_CVAL!$S$4:$S$17,0)),"") | N18: =IFERROR(IF(INDEX(Scoring_DR!$S$4:$S$17,MATCH(13,Scoring_DR!$S$4:$S$17,0))="","",13),"") | O18: =IFERROR(INDEX(Scoring_DR!$A$4:$A$17,MATCH(13,Scoring_DR!$S$4:$S$17,0)),"") | P18: =IFERROR(INDEX(Scoring_DR!$Q$4:$Q$17,MATCH(13,Scoring_DR!$S$4:$S$17,0)),"")
H19: =IFERROR(IF(INDEX(Scoring_Prod!$S$4:$S$17,MATCH(14,Scoring_Prod!$S$4:$S$17,0))="","",14),"") | I19: =IFERROR(INDEX(Scoring_Prod!$A$4:$A$17,MATCH(14,Scoring_Prod!$S$4:$S$17,0)),"") | J19: =IFERROR(INDEX(Scoring_Prod!$Q$4:$Q$17,MATCH(14,Scoring_Prod!$S$4:$S$17,0)),"") | K19: =IFERROR(IF(INDEX(Scoring_CVAL!$S$4:$S$17,MATCH(14,Scoring_CVAL!$S$4:$S$17,0))="","",14),"") | L19: =IFERROR(INDEX(Scoring_CVAL!$A$4:$A$17,MATCH(14,Scoring_CVAL!$S$4:$S$17,0)),"") | M19: =IFERROR(INDEX(Scoring_CVAL!$Q$4:$Q$17,MATCH(14,Scoring_CVAL!$S$4:$S$17,0)),"") | N19: =IFERROR(IF(INDEX(Scoring_DR!$S$4:$S$17,MATCH(14,Scoring_DR!$S$4:$S$17,0))="","",14),"") | O19: =IFERROR(INDEX(Scoring_DR!$A$4:$A$17,MATCH(14,Scoring_DR!$S$4:$S$17,0)),"") | P19: =IFERROR(INDEX(Scoring_DR!$Q$4:$Q$17,MATCH(14,Scoring_DR!$S$4:$S$17,0)),"")

Sheet Formula_Reference
A1: PLACEMENT SCORING FORMULA REFERENCE
A3: This sheet explains the three placement scoring (PS) formulas used by the ACRME region-selection engine.
A4: Each formula evaluates candidate regions across five weighted components (α, β, γ, δ, ε) that sum to 1.0.
A5: All components are clamped to [0, 1] to prevent outliers from dominating the score.
A7: PS_Prod — PRODUCTION REGION SCORING
A8: Component | B8: What It Measures | C8: Signal / Formula | D8: Weight | E8: Explanation | F8: Excel Column References
A9: α | B9: Capacity headroom (forward-looking regional health) | C9: Clamp(nonprod_crg.effective_free / prod_crg.quantity) | D9: 0.30 | E9: Uses NonProd effective free capacity as a regional health indicator. A region with ample NonProd headroom signals overall capacity health, overflow capacity for Prod spikes, and readiness for future CVAL co-location (2-region model). This is NOT self-referential — it evaluates regional capacity resilience, not just Prod-specific capacity. | F9: Capacity_Usage: N (NP Eff-Free) ÷ F (Prod Reserved) Scoring_Prod: G (α_raw), H (α_c)
A10: β | B10: Quota headroom (direct Prod capacity readiness) | C10: Clamp(prod_crg.quota_headroom / prod_crg.quota_limit) | D10: 0.20 | E10: Direct measure of Prod quota availability. High quota headroom means the region can accommodate the Prod workload without quota exhaustion. This complements α by providing a Prod-specific capacity signal while α measures regional health. | F10: Capacity_Usage: K (Prod Q-Headroom) ÷ I (Prod Q-Limit) Scoring_Prod: I (β_raw), J (β_c)
A11: γ | B11: Distribution fairness (load balancing) | C11: Clamp(1 - prod_customer_count / total_customers) | D11: 0.25 | E11: Rewards regions with fewer existing Prod customers, promoting even distribution of workload across the geography. A region with lower customer count scores higher, preventing concentration in a single region. total_customers(g) = live count of customers in the geography (PLC-012, A.10); γ = 1 when it is zero. | F11: Capacity_Usage: U (Cust Count) Scoring_Prod: F (total_cust for denominator), K (γ_raw), L (γ_c) total_customers scope: geography (PLC-012); γ = 1 when zero
A12: δ | B12: DR readiness signal (destination DR coverage) | C12: Clamp(dr_crg.coverage_ratio) | D12: 0.15 | E12: Measures the region's existing DR coverage ratio — how much of its DR requirement is already met. A region with good DR coverage is more resilient and can potentially host additional DR workloads (multi-source DR hosting, DR-016). | F12: Capacity_Usage: T (DR Coverage) Scoring_Prod: M (δ_raw), N (δ_c)
A13: ε | B13: Zone diversity (availability zone count) | C13: Clamp(az_count / 3) | D13: 0.10 | E13: Favors regions with more availability zones (max 3 in Azure). Higher zone count provides better fault isolation and distributes VMs more evenly (PLC-011 even zone-distribution target). A 3-AZ region scores 1.0; 2-AZ scores 0.67; 1-AZ scores 0.33. | F13: Capacity_Usage: E (AZ) Scoring_Prod: O (ε_raw), P (ε_c)
A14: FINAL SCORE | B14: Weighted sum of all five components | C14: PS_Prod = 0.30×α + 0.20×β + 0.25×γ + 0.15×δ + 0.10×ε | D14: 1.00 | E14: Range: [0, 1]. Highest score = best candidate. Winner = argmax(PS_Prod) over eligible Standard regions. | F14: Scoring_Prod: Q (PS)
A17: PS_NonProd — CVAL (NON-PRODUCTION) REGION SCORING
A18: Component | B18: What It Measures | C18: Signal / Formula | D18: Weight | E18: Explanation | F18: Excel Column References
A19: α | B19: Capacity headroom (direct NonProd capacity) | C19: Clamp(nonprod_crg.effective_free / nonprod_crg.quantity) | D19: 0.30 | E19: Direct measure of NonProd effective free capacity. Unlike PS_Prod (which uses NonProd as a regional health signal), here we evaluate NonProd capacity directly for CVAL placement. High NonProd headroom = region can accommodate CVAL workload. | F19: Capacity_Usage: N (NP Eff-Free) ÷ L (NP Reserved) Scoring_CVAL: G (α_raw), H (α_c)
A20: β | B20: Quota headroom (NonProd quota availability) | C20: Clamp(nonprod_crg.quota_headroom / nonprod_crg.quota_limit) | D20: 0.20 | E20: NonProd quota headroom. Ensures the region has sufficient NonProd quota to accommodate the CVAL workload without hitting quota limits. | F20: Capacity_Usage: Q (NP Q-Headroom) ÷ O (NP Q-Limit) Scoring_CVAL: I (β_raw), J (β_c)
A21: γ | B21: Distribution fairness (load balancing) | C21: Clamp(1 - nonprod_customer_count / total_customers) | D21: 0.25 | E21: Rewards regions with fewer existing NonProd customers, promoting even CVAL distribution. Identical logic to PS_Prod but evaluated against NonProd customer counts. Same geography denominator (PLC-012). | F21: Capacity_Usage: U (Cust Count) Scoring_CVAL: F (total_cust for denominator), K (γ_raw), L (γ_c) total_customers scope: geography (PLC-012); γ = 1 when zero
A22: δ | B22: Overflow capacity health (redundant with α) | C22: Clamp(nonprod_crg.effective_free / nonprod_crg.quantity) | D22: 0.15 | E22: ⚠️ DUPLICATE: This is identical to α. Combined α+δ weight = 0.45. This is the design-of-record formula (baseline v2.4). A pilot variant exists that removes this duplication and reallocates the weight. | F22: Capacity_Usage: N (NP Eff-Free) ÷ L (NP Reserved) Scoring_CVAL: M (δ_raw), N (δ_c) ⚠️ Same as α — duplication acknowledged in Calculation Logic Reference
A23: ε | B23: Zone diversity (availability zone count) | C23: Clamp(az_count / 3) | D23: 0.10 | E23: Identical to PS_Prod. Favors regions with more availability zones for better fault isolation. | F23: Capacity_Usage: E (AZ) Scoring_CVAL: O (ε_raw), P (ε_c)
A24: FINAL SCORE | B24: Weighted sum of all five components | C24: PS_NonProd = 0.30×α + 0.20×β + 0.25×γ + 0.15×δ + 0.10×ε | D24: 1.00 | E24: Range: [0, 1]. Highest score = best CVAL candidate. Winner = argmax(PS_NonProd) over eligible Standard regions (excluding Prod region). In 2-region model (EU, AU, AP): CVAL placement is deterministic (the other Standard region). | F24: Scoring_CVAL: Q (PS)
A27: PS_DR — DR (DISASTER RECOVERY) REGION SCORING
A28: Component | B28: What It Measures | C28: Signal / Formula | D28: Weight | E28: Explanation | F28: Excel Column References
A29: α | B29: Capacity headroom (DR CRG free slots) | C29: Clamp(dr_crg.free_slots / dr_crg.quantity) | D29: 0.30 | E29: Direct measure of DR capacity headroom. High DR free slots = region can accommodate additional DR workload. This evaluates the region's ability to serve as a DR destination (multi-source DR hosting, DR-016). | F29: Capacity_Usage: S (DR Free) ÷ R (DR Reserved) Scoring_DR: G (α_raw), H (α_c)
A30: β | B30: Quota headroom (DR quota availability) | C30: Clamp(dr_crg.quota_headroom / dr_crg.quota_limit) | D30: 0.20 | E30: DR quota headroom. In practice, DR uses NonProd quota (DR VMs are in a NonProd environment), so this typically references NP Q-Headroom. Ensures the region has sufficient quota to accommodate the DR workload. | F30: Capacity_Usage: Q (NP Q-Headroom) ÷ O (NP Q-Limit) Scoring_DR: I (β_raw), J (β_c) (DR uses NonProd quota per ENV-002)
A31: γ | B31: Distribution fairness (load balancing) | C31: Clamp(1 - dr_customer_count / total_customers) | D31: 0.25 | E31: Rewards regions with fewer existing DR customers, promoting even DR distribution. Prevents DR concentration in a single destination region. Same geography denominator (PLC-012). | F31: Capacity_Usage: U (Cust Count) Scoring_DR: F (total_cust for denominator), K (γ_raw), L (γ_c) total_customers scope: geography (PLC-012); γ = 1 when zero
A32: δ | B32: Coverage ratio health (DR sizing adequacy) | C32: min(1.0, dr_crg.coverage_ratio / dr_coverage_target) | D32: 0.15 | E32: Measures how close the region's existing DR coverage is to the configured target. Uses min(1.0, ...) instead of Clamp() for normalization. dr_coverage_target is a configurable scoring reference (per customer/product), NOT the retired 30-40% dr_ratio. DR sizing uses max-not-sum (A.6, DR-017). | F32: Capacity_Usage: T (DR Coverage) Scoring_DR: M (δ_raw), N (δ_c) dr_coverage_target = configurable scoring parameter (Policy sheet or config)
A33: ε | B33: Zone diversity (availability zone count) | C33: Clamp(az_count / 3) | D33: 0.10 | E33: Identical to PS_Prod and PS_NonProd. Favors regions with more availability zones for better DR fault isolation. | F33: Capacity_Usage: E (AZ) Scoring_DR: O (ε_raw), P (ε_c)
A34: FINAL SCORE | B34: Weighted sum of all five components | C34: PS_DR = 0.30×α + 0.20×β + 0.25×γ + 0.15×δ + 0.10×ε | D34: 1.00 | E34: Range: [0, 1]. Highest score = best DR candidate. Winner = argmax(PS_DR) over eligible Standard regions (excluding Prod, CVAL). In 2-region model (EU, AU, AP): DR co-locates with CVAL (PLC-010a mandatory). Middle East: DR cross-geo in Europe (weighted-selected). | F34: Scoring_DR: Q (PS)
A36: KEY NOTES
A37: 1. Clamp(x) = MIN(MAX(x, 0), 1) — ensures all component values stay in [0, 1] range to prevent outliers from dominating.
A38: 2. Weight sum constraint: α + β + γ + δ + ε = 1.0 (enforced by Policy sheet validation).
A39: 3. The three PS formulas are IDENTICAL across all region models (2-region, 3-region, 4-region, cross-geo). What changes: number of argmax passes, candidate pool, HC gate constraints.
A40: 4. total_customers (γ denominator) is DECIDED in baseline v2.5 amended (PLC-012, A.10): live count of customers with any environment provisioned or deploying in the geography, shared by all three scores; γ = 1 when the count is zero.
A41: 5. PS_NonProd α and δ are identical (design-of-record v2.4) — combined weight 0.45. A pilot variant exists that removes this duplication.
A42: 6. PS_DR δ uses min(1.0, ...) instead of Clamp() for coverage-ratio normalization.
A43: 7. Column references: _raw = unclamped component; _c = clamped component; PS = final placement score.
A44: 8. Winner selection: argmax(PS) over eligible Standard regions (or deterministic in 2-region co-located model).

Sheet SKU_Family_Map
A1: SKU → QUOTA FAMILY MAP (drives all lookups)
A2: Capacity reservations are per SKU; quota is per VM/quota family. Many SKUs roll up to one family (QUA-002).
A3: SKU | B3: Quota Family
A4: Standard_E32ads_v5 | B4: Eadsv5
A5: Standard_E64ads_v5 | B5: Eadsv5
A6: Standard_E16ads_v5 | B6: Eadsv5
A7: Standard_E32ads_v6 | B7: Eadsv6
A8: Standard_D8ads_v5 | B8: Dadsv5
A9: Standard_D16ads_v5 | B9: Dadsv5
A10: Standard_D8as_v5 | B10: Dasv5
A11: Standard_D16as_v5 | B11: Dasv5

Sheet SKU_Catalogue
A1: SKU CATALOGUE (seed-matrix view, CAP-022)
A2: Managed SKU set. Reservation eligibility requires zonal placement or regional where the SKU has no zonal support (CAP-020/CAP-022). 'Real Cores' = total from the usage export (all regions).
A3: SKU | B3: vCPU / instance | C3: Quota Family | D3: Zonal? (CAP-020) | E3: Eligible? | F3: Real Cores (all regions) | G3: Notes
A4: Standard_E32ads_v5 | B4: 32 | C4: Eadsv5 | D4: Yes | E4: Yes | F4: 155200 | G4: General-purpose (D) / memory-optimised (E)
A5: Standard_E64ads_v5 | B5: 64 | C5: Eadsv5 | D5: Yes | E5: Yes | F5: 108352 | G5: General-purpose (D) / memory-optimised (E)
A6: Standard_E16ads_v5 | B6: 16 | C6: Eadsv5 | D6: Yes | E6: Yes | F6: 52336 | G6: General-purpose (D) / memory-optimised (E)
A7: Standard_E32ads_v6 | B7: 32 | C7: Eadsv6 | D7: Yes | E7: Yes | F7: 66240 | G7: General-purpose (D) / memory-optimised (E)
A8: Standard_D8ads_v5 | B8: 8 | C8: Dadsv5 | D8: Yes | E8: Yes | F8: 48592 | G8: General-purpose (D) / memory-optimised (E)
A9: Standard_D16ads_v5 | B9: 16 | C9: Dadsv5 | D9: Yes | E9: Yes | F9: 21856 | G9: General-purpose (D) / memory-optimised (E)
A10: Standard_D8as_v5 | B10: 8 | C10: Dasv5 | D10: Yes | E10: Yes | F10: 36192 | G10: General-purpose (D) / memory-optimised (E)
A11: Standard_D16as_v5 | B11: 16 | C11: Dasv5 | D11: Yes | E11: Yes | F11: 16304 | G11: General-purpose (D) / memory-optimised (E)

Sheet Capacity_By_SKU
A1: CAPACITY RESERVATIONS BY SKU + GROUP AVAILABILITY DURING ALLOCATION
A2: Grain = Region × Environment × SKU (separate CRG per environment, ENV-003 capacity plane; CAP-023). Allocated = real usage from export (DR = 30% bootstrap of Prod, ENV-005; Canada Central = mock, absent in data). Reserved = Allocated + Buffer (CAP-003). GROUP AVAILABILITY = MIN(SKU reserved-free, family quota-available) — the number that actually gates a placement.
A3: NOTE: Phase 1 models the CRG at REGIONAL scope (crg-…-reg). Per-availability-zone CRGs (crg-…-az1/az2/az3, CAP-023/CAP-011) are the documented next increment; quota has no zone dimension so the join stays at region+family.
A4: Region | B4: Geography | C4: Environment | D4: SKU | E4: Family | F4: CRG (CAP-023) | G4: vCPU/inst | H4: Allocated | I4: Buffer | J4: Reserved | K4: Reserved-Free | L4: Family Quota-Avail | M4: GROUP AVAIL (MIN) | N4: Binding Constraint | O4: Readiness (RDY-002) | P4: Notes
A5: West US 3 | B5: US | C5: Prod | D5: Standard_E32ads_v5 | E5: =VLOOKUP(D5,SKU_Family_Map!$A:$B,2,FALSE) | F5: crg-pr-wus3-reg | G5: 32 | H5: 0 | I5: 8 | J5: =H5+I5 | K5: =J5-H5 | L5: =SUMIFS(Quota_Groups!$G:$G,Quota_Groups!$B:$B,A5,Quota_Groups!$D:$D,E5) | M5: =MIN(K5,L5) | N5: =IF(K5<=L5,"CAPACITY","QUOTA") | O5: =IF(K5<=0,"RESERVATION_DEFICIT",IF(L5<=0,"QUOTA_DEFICIT",IF(M5<I5*0.5,"READY_WITH_RISK","READY")))
A6: West US 3 | B6: US | C6: Prod | D6: Standard_E64ads_v5 | E6: =VLOOKUP(D6,SKU_Family_Map!$A:$B,2,FALSE) | F6: crg-pr-wus3-reg | G6: 64 | H6: 0 | I6: 8 | J6: =H6+I6 | K6: =J6-H6 | L6: =SUMIFS(Quota_Groups!$G:$G,Quota_Groups!$B:$B,A6,Quota_Groups!$D:$D,E6) | M6: =MIN(K6,L6) | N6: =IF(K6<=L6,"CAPACITY","QUOTA") | O6: =IF(K6<=0,"RESERVATION_DEFICIT",IF(L6<=0,"QUOTA_DEFICIT",IF(M6<I6*0.5,"READY_WITH_RISK","READY")))
A7: West US 3 | B7: US | C7: Prod | D7: Standard_E16ads_v5 | E7: =VLOOKUP(D7,SKU_Family_Map!$A:$B,2,FALSE) | F7: crg-pr-wus3-reg | G7: 16 | H7: 0 | I7: 8 | J7: =H7+I7 | K7: =J7-H7 | L7: =SUMIFS(Quota_Groups!$G:$G,Quota_Groups!$B:$B,A7,Quota_Groups!$D:$D,E7) | M7: =MIN(K7,L7) | N7: =IF(K7<=L7,"CAPACITY","QUOTA") | O7: =IF(K7<=0,"RESERVATION_DEFICIT",IF(L7<=0,"QUOTA_DEFICIT",IF(M7<I7*0.5,"READY_WITH_RISK","READY")))
A8: West US 3 | B8: US | C8: Prod | D8: Standard_E32ads_v6 | E8: =VLOOKUP(D8,SKU_Family_Map!$A:$B,2,FALSE) | F8: crg-pr-wus3-reg | G8: 32 | H8: 0 | I8: 8 | J8: =H8+I8 | K8: =J8-H8 | L8: =SUMIFS(Quota_Groups!$G:$G,Quota_Groups!$B:$B,A8,Quota_Groups!$D:$D,E8) | M8: =MIN(K8,L8) | N8: =IF(K8<=L8,"CAPACITY","QUOTA") | O8: =IF(K8<=0,"RESERVATION_DEFICIT",IF(L8<=0,"QUOTA_DEFICIT",IF(M8<I8*0.5,"READY_WITH_RISK","READY")))
A9: West US 3 | B9: US | C9: Prod | D9: Standard_D8ads_v5 | E9: =VLOOKUP(D9,SKU_Family_Map!$A:$B,2,FALSE) | F9: crg-pr-wus3-reg | G9: 8 | H9: 0 | I9: 8 | J9: =H9+I9 | K9: =J9-H9 | L9: =SUMIFS(Quota_Groups!$G:$G,Quota_Groups!$B:$B,A9,Quota_Groups!$D:$D,E9) | M9: =MIN(K9,L9) | N9: =IF(K9<=L9,"CAPACITY","QUOTA") | O9: =IF(K9<=0,"RESERVATION_DEFICIT",IF(L9<=0,"QUOTA_DEFICIT",IF(M9<I9*0.5,"READY_WITH_RISK","READY")))
A10: West US 3 | B10: US | C10: Prod | D10: Standard_D16ads_v5 | E10: =VLOOKUP(D10,SKU_Family_Map!$A:$B,2,FALSE) | F10: crg-pr-wus3-reg | G10: 16 | H10: 0 | I10: 8 | J10: =H10+I10 | K10: =J10-H10 | L10: =SUMIFS(Quota_Groups!$G:$G,Quota_Groups!$B:$B,A10,Quota_Groups!$D:$D,E10) | M10: =MIN(K10,L10) | N10: =IF(K10<=L10,"CAPACITY","QUOTA") | O10: =IF(K10<=0,"RESERVATION_DEFICIT",IF(L10<=0,"QUOTA_DEFICIT",IF(M10<I10*0.5,"READY_WITH_RISK","READY")))
A11: West US 3 | B11: US | C11: Prod | D11: Standard_D8as_v5 | E11: =VLOOKUP(D11,SKU_Family_Map!$A:$B,2,FALSE) | F11: crg-pr-wus3-reg | G11: 8 | H11: 0 | I11: 8 | J11: =H11+I11 | K11: =J11-H11 | L11: =SUMIFS(Quota_Groups!$G:$G,Quota_Groups!$B:$B,A11,Quota_Groups!$D:$D,E11) | M11: =MIN(K11,L11) | N11: =IF(K11<=L11,"CAPACITY","QUOTA") | O11: =IF(K11<=0,"RESERVATION_DEFICIT",IF(L11<=0,"QUOTA_DEFICIT",IF(M11<I11*0.5,"READY_WITH_RISK","READY")))
A12: West US 3 | B12: US | C12: Prod | D12: Standard_D16as_v5 | E12: =VLOOKUP(D12,SKU_Family_Map!$A:$B,2,FALSE) | F12: crg-pr-wus3-reg | G12: 16 | H12: 0 | I12: 8 | J12: =H12+I12 | K12: =J12-H12 | L12: =SUMIFS(Quota_Groups!$G:$G,Quota_Groups!$B:$B,A12,Quota_Groups!$D:$D,E12) | M12: =MIN(K12,L12) | N12: =IF(K12<=L12,"CAPACITY","QUOTA") | O12: =IF(K12<=0,"RESERVATION_DEFICIT",IF(L12<=0,"QUOTA_DEFICIT",IF(M12<I12*0.5,"READY_WITH_RISK","READY")))
A13: West US 3 | B13: US | C13: NonProd | D13: Standard_E32ads_v5 | E13: =VLOOKUP(D13,SKU_Family_Map!$A:$B,2,FALSE) | F13: crg-np-wus3-reg | G13: 32 | H13: 0 | I13: 8 | J13: =H13+I13 | K13: =J13-H13 | L13: =SUMIFS(Quota_Groups!$G:$G,Quota_Groups!$B:$B,A13,Quota_Groups!$D:$D,E13) | M13: =MIN(K13,L13) | N13: =IF(K13<=L13,"CAPACITY","QUOTA") | O13: =IF(K13<=0,"RESERVATION_DEFICIT",IF(L13<=0,"QUOTA_DEFICIT",IF(M13<I13*0.5,"READY_WITH_RISK","READY")))
A14: West US 3 | B14: US | C14: NonProd | D14: Standard_E64ads_v5 | E14: =VLOOKUP(D14,SKU_Family_Map!$A:$B,2,FALSE) | F14: crg-np-wus3-reg | G14: 64 | H14: 0 | I14: 8 | J14: =H14+I14 | K14: =J14-H14 | L14: =SUMIFS(Quota_Groups!$G:$G,Quota_Groups!$B:$B,A14,Quota_Groups!$D:$D,E14) | M14: =MIN(K14,L14) | N14: =IF(K14<=L14,"CAPACITY","QUOTA") | O14: =IF(K14<=0,"RESERVATION_DEFICIT",IF(L14<=0,"QUOTA_DEFICIT",IF(M14<I14*0.5,"READY_WITH_RISK","READY")))
A15: West US 3 | B15: US | C15: NonProd | D15: Standard_E16ads_v5 | E15: =VLOOKUP(D15,SKU_Family_Map!$A:$B,2,FALSE) | F15: crg-np-wus3-reg | G15: 16 | H15: 0 | I15: 8 | J15: =H15+I15 | K15: =J15-H15 | L15: =SUMIFS(Quota_Groups!$G:$G,Quota_Groups!$B:$B,A15,Quota_Groups!$D:$D,E15) | M15: =MIN(K15,L15) | N15: =IF(K15<=L15,"CAPACITY","QUOTA") | O15: =IF(K15<=0,"RESERVATION_DEFICIT",IF(L15<=0,"QUOTA_DEFICIT",IF(M15<I15*0.5,"READY_WITH_RISK","READY")))
A16: West US 3 | B16: US | C16: NonProd | D16: Standard_E32ads_v6 | E16: =VLOOKUP(D16,SKU_Family_Map!$A:$B,2,FALSE) | F16: crg-np-wus3-reg | G16: 32 | H16: 0 | I16: 8 | J16: =H16+I16 | K16: =J16-H16 | L16: =SUMIFS(Quota_Groups!$G:$G,Quota_Groups!$B:$B,A16,Quota_Groups!$D:$D,E16) | M16: =MIN(K16,L16) | N16: =IF(K16<=L16,"CAPACITY","QUOTA") | O16: =IF(K16<=0,"RESERVATION_DEFICIT",IF(L16<=0,"QUOTA_DEFICIT",IF(M16<I16*0.5,"READY_WITH_RISK","READY")))
... A20: West US 3 | B20: US | C20: NonProd | D20: Standard_D16as_v5 | E20: =VLOOKUP(D20,SKU_Family_Map!$A:$B,2,FALSE) | F20: crg-np-wus3-reg | G20: 16 | H20: 0 | I20: 8 | J20: =H20+I20 | K20: =J20-H20 | L20: =SUMIFS(Quota_Groups!$G:$G,Quota_Groups!$B:$B,A20,Quota_Groups!$D:$D,E20) | M20: =MIN(K20,L20) | N20: =IF(K20<=L20,"CAPACITY","QUOTA") | O20: =IF(K20<=0,"RESERVATION_DEFICIT",IF(L20<=0,"QUOTA_DEFICIT",IF(M20<I20*0.5,"READY_WITH_RISK","READY")))
A21: West US 3 | B21: US | C21: DR | D21: Standard_E32ads_v5 | E21: =VLOOKUP(D21,SKU_Family_Map!$A:$B,2,FALSE) | F21: crg-dr-wus3-reg | G21: 32 | H21: 0 | I21: 8 | J21: =H21+I21 | K21: =J21-H21 | L21: =SUMIFS(Quota_Groups!$G:$G,Quota_Groups!$B:$B,A21,Quota_Groups!$D:$D,E21) | M21: =MIN(K21,L21) | N21: =IF(K21<=L21,"CAPACITY","QUOTA") | O21: =IF(K21<=0,"RESERVATION_DEFICIT",IF(L21<=0,"QUOTA_DEFICIT",IF(M21<I21*0.5,"READY_WITH_RISK","READY"))) | P21: DR 30% bootstrap (ENV-005)
A22: West US 3 | B22: US | C22: DR | D22: Standard_E64ads_v5 | E22: =VLOOKUP(D22,SKU_Family_Map!$A:$B,2,FALSE) | F22: crg-dr-wus3-reg | G22: 64 | H22: 0 | I22: 8 | J22: =H22+I22 | K22: =J22-H22 | L22: =SUMIFS(Quota_Groups!$G:$G,Quota_Groups!$B:$B,A22,Quota_Groups!$D:$D,E22) | M22: =MIN(K22,L22) | N22: =IF(K22<=L22,"CAPACITY","QUOTA") | O22: =IF(K22<=0,"RESERVATION_DEFICIT",IF(L22<=0,"QUOTA_DEFICIT",IF(M22<I22*0.5,"READY_WITH_RISK","READY"))) | P22: DR 30% bootstrap (ENV-005)
A23: West US 3 | B23: US | C23: DR | D23: Standard_E16ads_v5 | E23: =VLOOKUP(D23,SKU_Family_Map!$A:$B,2,FALSE) | F23: crg-dr-wus3-reg | G23: 16 | H23: 0 | I23: 8 | J23: =H23+I23 | K23: =J23-H23 | L23: =SUMIFS(Quota_Groups!$G:$G,Quota_Groups!$B:$B,A23,Quota_Groups!$D:$D,E23) | M23: =MIN(K23,L23) | N23: =IF(K23<=L23,"CAPACITY","QUOTA") | O23: =IF(K23<=0,"RESERVATION_DEFICIT",IF(L23<=0,"QUOTA_DEFICIT",IF(M23<I23*0.5,"READY_WITH_RISK","READY"))) | P23: DR 30% bootstrap (ENV-005)
A24: West US 3 | B24: US | C24: DR | D24: Standard_E32ads_v6 | E24: =VLOOKUP(D24,SKU_Family_Map!$A:$B,2,FALSE) | F24: crg-dr-wus3-reg | G24: 32 | H24: 0 | I24: 8 | J24: =H24+I24 | K24: =J24-H24 | L24: =SUMIFS(Quota_Groups!$G:$G,Quota_Groups!$B:$B,A24,Quota_Groups!$D:$D,E24) | M24: =MIN(K24,L24) | N24: =IF(K24<=L24,"CAPACITY","QUOTA") | O24: =IF(K24<=0,"RESERVATION_DEFICIT",IF(L24<=0,"QUOTA_DEFICIT",IF(M24<I24*0.5,"READY_WITH_RISK","READY"))) | P24: DR 30% bootstrap (ENV-005)
A25: West US 3 | B25: US | C25: DR | D25: Standard_D8ads_v5 | E25: =VLOOKUP(D25,SKU_Family_Map!$A:$B,2,FALSE) | F25: crg-dr-wus3-reg | G25: 8 | H25: 0 | I25: 8 | J25: =H25+I25 | K25: =J25-H25 | L25: =SUMIFS(Quota_Groups!$G:$G,Quota_Groups!$B:$B,A25,Quota_Groups!$D:$D,E25) | M25: =MIN(K25,L25) | N25: =IF(K25<=L25,"CAPACITY","QUOTA") | O25: =IF(K25<=0,"RESERVATION_DEFICIT",IF(L25<=0,"QUOTA_DEFICIT",IF(M25<I25*0.5,"READY_WITH_RISK","READY"))) | P25: DR 30% bootstrap (ENV-005)
A26: West US 3 | B26: US | C26: DR | D26: Standard_D16ads_v5 | E26: =VLOOKUP(D26,SKU_Family_Map!$A:$B,2,FALSE) | F26: crg-dr-wus3-reg | G26: 16 | H26: 0 | I26: 8 | J26: =H26+I26 | K26: =J26-H26 | L26: =SUMIFS(Quota_Groups!$G:$G,Quota_Groups!$B:$B,A26,Quota_Groups!$D:$D,E26) | M26: =MIN(K26,L26) | N26: =IF(K26<=L26,"CAPACITY","QUOTA") | O26: =IF(K26<=0,"RESERVATION_DEFICIT",IF(L26<=0,"QUOTA_DEFICIT",IF(M26<I26*0.5,"READY_WITH_RISK","READY"))) | P26: DR 30% bootstrap (ENV-005)
A27: West US 3 | B27: US | C27: DR | D27: Standard_D8as_v5 | E27: =VLOOKUP(D27,SKU_Family_Map!$A:$B,2,FALSE) | F27: crg-dr-wus3-reg | G27: 8 | H27: 0 | I27: 8 | J27: =H27+I27 | K27: =J27-H27 | L27: =SUMIFS(Quota_Groups!$G:$G,Quota_Groups!$B:$B,A27,Quota_Groups!$D:$D,E27) | M27: =MIN(K27,L27) | N27: =IF(K27<=L27,"CAPACITY","QUOTA") | O27: =IF(K27<=0,"RESERVATION_DEFICIT",IF(L27<=0,"QUOTA_DEFICIT",IF(M27<I27*0.5,"READY_WITH_RISK","READY"))) | P27: DR 30% bootstrap (ENV-005)
A28: West US 3 | B28: US | C28: DR | D28: Standard_D16as_v5 | E28: =VLOOKUP(D28,SKU_Family_Map!$A:$B,2,FALSE) | F28: crg-dr-wus3-reg | G28: 16 | H28: 0 | I28: 8 | J28: =H28+I28 | K28: =J28-H28 | L28: =SUMIFS(Quota_Groups!$G:$G,Quota_Groups!$B:$B,A28,Quota_Groups!$D:$D,E28) | M28: =MIN(K28,L28) | N28: =IF(K28<=L28,"CAPACITY","QUOTA") | O28: =IF(K28<=0,"RESERVATION_DEFICIT",IF(L28<=0,"QUOTA_DEFICIT",IF(M28<I28*0.5,"READY_WITH_RISK","READY"))) | P28: DR 30% bootstrap (ENV-005)
A29: Central US | B29: US | C29: Prod | D29: Standard_E32ads_v5 | E29: =VLOOKUP(D29,SKU_Family_Map!$A:$B,2,FALSE) | F29: crg-pr-cus-reg | G29: 32 | H29: 0 | I29: 8 | J29: =H29+I29 | K29: =J29-H29 | L29: =SUMIFS(Quota_Groups!$G:$G,Quota_Groups!$B:$B,A29,Quota_Groups!$D:$D,E29) | M29: =MIN(K29,L29) | N29: =IF(K29<=L29,"CAPACITY","QUOTA") | O29: =IF(K29<=0,"RESERVATION_DEFICIT",IF(L29<=0,"QUOTA_DEFICIT",IF(M29<I29*0.5,"READY_WITH_RISK","READY")))
A30: Central US | B30: US | C30: Prod | D30: Standard_E64ads_v5 | E30: =VLOOKUP(D30,SKU_Family_Map!$A:$B,2,FALSE) | F30: crg-pr-cus-reg | G30: 64 | H30: 0 | I30: 8 | J30: =H30+I30 | K30: =J30-H30 | L30: =SUMIFS(Quota_Groups!$G:$G,Quota_Groups!$B:$B,A30,Quota_Groups!$D:$D,E30) | M30: =MIN(K30,L30) | N30: =IF(K30<=L30,"CAPACITY","QUOTA") | O30: =IF(K30<=0,"RESERVATION_DEFICIT",IF(L30<=0,"QUOTA_DEFICIT",IF(M30<I30*0.5,"READY_WITH_RISK","READY")))
A31: Central US | B31: US | C31: Prod | D31: Standard_E16ads_v5 | E31: =VLOOKUP(D31,SKU_Family_Map!$A:$B,2,FALSE) | F31: crg-pr-cus-reg | G31: 16 | H31: 96 | I31: 12 | J31: =H31+I31 | K31: =J31-H31 | L31: =SUMIFS(Quota_Groups!$G:$G,Quota_Groups!$B:$B,A31,Quota_Groups!$D:$D,E31) | M31: =MIN(K31,L31) | N31: =IF(K31<=L31,"CAPACITY","QUOTA") | O31: =IF(K31<=0,"RESERVATION_DEFICIT",IF(L31<=0,"QUOTA_DEFICIT",IF(M31<I31*0.5,"READY_WITH_RISK","READY")))
A32: Central US | B32: US | C32: Prod | D32: Standard_E32ads_v6 | E32: =VLOOKUP(D32,SKU_Family_Map!$A:$B,2,FALSE) | F32: crg-pr-cus-reg | G32: 32 | H32: 512 | I32: 61 | J32: =H32+I32 | K32: =J32-H32 | L32: =SUMIFS(Quota_Groups!$G:$G,Quota_Groups!$B:$B,A32,Quota_Groups!$D:$D,E32) | M32: =MIN(K32,L32) | N32: =IF(K32<=L32,"CAPACITY","QUOTA") | O32: =IF(K32<=0,"RESERVATION_DEFICIT",IF(L32<=0,"QUOTA_DEFICIT",IF(M32<I32*0.5,"READY_WITH_RISK","READY")))
A33: Central US | B33: US | C33: Prod | D33: Standard_D8ads_v5 | E33: =VLOOKUP(D33,SKU_Family_Map!$A:$B,2,FALSE) | F33: crg-pr-cus-reg | G33: 8 | H33: 416 | I33: 50 | J33: =H33+I33 | K33: =J33-H33 | L33: =SUMIFS(Quota_Groups!$G:$G,Quota_Groups!$B:$B,A33,Quota_Groups!$D:$D,E33) | M33: =MIN(K33,L33) | N33: =IF(K33<=L33,"CAPACITY","QUOTA") | O33: =IF(K33<=0,"RESERVATION_DEFICIT",IF(L33<=0,"QUOTA_DEFICIT",IF(M33<I33*0.5,"READY_WITH_RISK","READY")))
A34: Central US | B34: US | C34: Prod | D34: Standard_D16ads_v5 | E34: =VLOOKUP(D34,SKU_Family_Map!$A:$B,2,FALSE) | F34: crg-pr-cus-reg | G34: 16 | H34: 112 | I34: 13 | J34: =H34+I34 | K34: =J34-H34 | L34: =SUMIFS(Quota_Groups!$G:$G,Quota_Groups!$B:$B,A34,Quota_Groups!$D:$D,E34) | M34: =MIN(K34,L34) | N34: =IF(K34<=L34,"CAPACITY","QUOTA") | O34: =IF(K34<=0,"RESERVATION_DEFICIT",IF(L34<=0,"QUOTA_DEFICIT",IF(M34<I34*0.5,"READY_WITH_RISK","READY")))
A35: Central US | B35: US | C35: Prod | D35: Standard_D8as_v5 | E35: =VLOOKUP(D35,SKU_Family_Map!$A:$B,2,FALSE) | F35: crg-pr-cus-reg | G35: 8 | H35: 5112 | I35: 613 | J35: =H35+I35 | K35: =J35-H35 | L35: =SUMIFS(Quota_Groups!$G:$G,Quota_Groups!$B:$B,A35,Quota_Groups!$D:$D,E35) | M35: =MIN(K35,L35) | N35: =IF(K35<=L35,"CAPACITY","QUOTA") | O35: =IF(K35<=0,"RESERVATION_DEFICIT",IF(L35<=0,"QUOTA_DEFICIT",IF(M35<I35*0.5,"READY_WITH_RISK","READY")))
A36: Central US | B36: US | C36: Prod | D36: Standard_D16as_v5 | E36: =VLOOKUP(D36,SKU_Family_Map!$A:$B,2,FALSE) | F36: crg-pr-cus-reg | G36: 16 | H36: 4352 | I36: 522 | J36: =H36+I36 | K36: =J36-H36 | L36: =SUMIFS(Quota_Groups!$G:$G,Quota_Groups!$B:$B,A36,Quota_Groups!$D:$D,E36) | M36: =MIN(K36,L36) | N36: =IF(K36<=L36,"CAPACITY","QUOTA") | O36: =IF(K36<=0,"RESERVATION_DEFICIT",IF(L36<=0,"QUOTA_DEFICIT",IF(M36<I36*0.5,"READY_WITH_RISK","READY")))
A37: Central US | B37: US | C37: NonProd | D37: Standard_E32ads_v5 | E37: =VLOOKUP(D37,SKU_Family_Map!$A:$B,2,FALSE) | F37: crg-np-cus-reg | G37: 32 | H37: 5248 | I37: 630 | J37: =H37+I37 | K37: =J37-H37 | L37: =SUMIFS(Quota_Groups!$G:$G,Quota_Groups!$B:$B,A37,Quota_Groups!$D:$D,E37) | M37: =MIN(K37,L37) | N37: =IF(K37<=L37,"CAPACITY","QUOTA") | O37: =IF(K37<=0,"RESERVATION_DEFICIT",IF(L37<=0,"QUOTA_DEFICIT",IF(M37<I37*0.5,"READY_WITH_RISK","READY")))
A38: Central US | B38: US | C38: NonProd | D38: Standard_E64ads_v5 | E38: =VLOOKUP(D38,SKU_Family_Map!$A:$B,2,FALSE) | F38: crg-np-cus-reg | G38: 64 | H38: 384 | I38: 46 | J38: =H38+I38 | K38: =J38-H38 | L38: =SUMIFS(Quota_Groups!$G:$G,Quota_Groups!$B:$B,A38,Quota_Groups!$D:$D,E38) | M38: =MIN(K38,L38) | N38: =IF(K38<=L38,"CAPACITY","QUOTA") | O38: =IF(K38<=0,"RESERVATION_DEFICIT",IF(L38<=0,"QUOTA_DEFICIT",IF(M38<I38*0.5,"READY_WITH_RISK","READY")))
A39: Central US | B39: US | C39: NonProd | D39: Standard_E16ads_v5 | E39: =VLOOKUP(D39,SKU_Family_Map!$A:$B,2,FALSE) | F39: crg-np-cus-reg | G39: 16 | H39: 5200 | I39: 624 | J39: =H39+I39 | K39: =J39-H39 | L39: =SUMIFS(Quota_Groups!$G:$G,Quota_Groups!$B:$B,A39,Quota_Groups!$D:$D,E39) | M39: =MIN(K39,L39) | N39: =IF(K39<=L39,"CAPACITY","QUOTA") | O39: =IF(K39<=0,"RESERVATION_DEFICIT",IF(L39<=0,"QUOTA_DEFICIT",IF(M39<I39*0.5,"READY_WITH_RISK","READY")))
A40: Central US | B40: US | C40: NonProd | D40: Standard_E32ads_v6 | E40: =VLOOKUP(D40,SKU_Family_Map!$A:$B,2,FALSE) | F40: crg-np-cus-reg | G40: 32 | H40: 384 | I40: 46 | J40: =H40+I40 | K40: =J40-H40 | L40: =SUMIFS(Quota_Groups!$G:$G,Quota_Groups!$B:$B,A40,Quota_Groups!$D:$D,E40) | M40: =MIN(K40,L40) | N40: =IF(K40<=L40,"CAPACITY","QUOTA") | O40: =IF(K40<=0,"RESERVATION_DEFICIT",IF(L40<=0,"QUOTA_DEFICIT",IF(M40<I40*0.5,"READY_WITH_RISK","READY")))
... A44: Central US | B44: US | C44: NonProd | D44: Standard_D16as_v5 | E44: =VLOOKUP(D44,SKU_Family_Map!$A:$B,2,FALSE) | F44: crg-np-cus-reg | G44: 16 | H44: 384 | I44: 46 | J44: =H44+I44 | K44: =J44-H44 | L44: =SUMIFS(Quota_Groups!$G:$G,Quota_Groups!$B:$B,A44,Quota_Groups!$D:$D,E44) | M44: =MIN(K44,L44) | N44: =IF(K44<=L44,"CAPACITY","QUOTA") | O44: =IF(K44<=0,"RESERVATION_DEFICIT",IF(L44<=0,"QUOTA_DEFICIT",IF(M44<I44*0.5,"READY_WITH_RISK","READY")))
A45: Central US | B45: US | C45: DR | D45: Standard_E32ads_v5 | E45: =VLOOKUP(D45,SKU_Family_Map!$A:$B,2,FALSE) | F45: crg-dr-cus-reg | G45: 32 | H45: 0 | I45: 8 | J45: =H45+I45 | K45: =J45-H45 | L45: =SUMIFS(Quota_Groups!$G:$G,Quota_Groups!$B:$B,A45,Quota_Groups!$D:$D,E45) | M45: =MIN(K45,L45) | N45: =IF(K45<=L45,"CAPACITY","QUOTA") | O45: =IF(K45<=0,"RESERVATION_DEFICIT",IF(L45<=0,"QUOTA_DEFICIT",IF(M45<I45*0.5,"READY_WITH_RISK","READY"))) | P45: DR 30% bootstrap (ENV-005)
A46: Central US | B46: US | C46: DR | D46: Standard_E64ads_v5 | E46: =VLOOKUP(D46,SKU_Family_Map!$A:$B,2,FALSE) | F46: crg-dr-cus-reg | G46: 64 | H46: 0 | I46: 8 | J46: =H46+I46 | K46: =J46-H46 | L46: =SUMIFS(Quota_Groups!$G:$G,Quota_Groups!$B:$B,A46,Quota_Groups!$D:$D,E46) | M46: =MIN(K46,L46) | N46: =IF(K46<=L46,"CAPACITY","QUOTA") | O46: =IF(K46<=0,"RESERVATION_DEFICIT",IF(L46<=0,"QUOTA_DEFICIT",IF(M46<I46*0.5,"READY_WITH_RISK","READY"))) | P46: DR 30% bootstrap (ENV-005)
A47: Central US | B47: US | C47: DR | D47: Standard_E16ads_v5 | E47: =VLOOKUP(D47,SKU_Family_Map!$A:$B,2,FALSE) | F47: crg-dr-cus-reg | G47: 16 | H47: 29 | I47: 8 | J47: =H47+I47 | K47: =J47-H47 | L47: =SUMIFS(Quota_Groups!$G:$G,Quota_Groups!$B:$B,A47,Quota_Groups!$D:$D,E47) | M47: =MIN(K47,L47) | N47: =IF(K47<=L47,"CAPACITY","QUOTA") | O47: =IF(K47<=0,"RESERVATION_DEFICIT",IF(L47<=0,"QUOTA_DEFICIT",IF(M47<I47*0.5,"READY_WITH_RISK","READY"))) | P47: DR 30% bootstrap (ENV-005)
A48: Central US | B48: US | C48: DR | D48: Standard_E32ads_v6 | E48: =VLOOKUP(D48,SKU_Family_Map!$A:$B,2,FALSE) | F48: crg-dr-cus-reg | G48: 32 | H48: 154 | I48: 18 | J48: =H48+I48 | K48: =J48-H48 | L48: =SUMIFS(Quota_Groups!$G:$G,Quota_Groups!$B:$B,A48,Quota_Groups!$D:$D,E48) | M48: =MIN(K48,L48) | N48: =IF(K48<=L48,"CAPACITY","QUOTA") | O48: =IF(K48<=0,"RESERVATION_DEFICIT",IF(L48<=0,"QUOTA_DEFICIT",IF(M48<I48*0.5,"READY_WITH_RISK","READY"))) | P48: DR 30% bootstrap (ENV-005)
A49: Central US | B49: US | C49: DR | D49: Standard_D8ads_v5 | E49: =VLOOKUP(D49,SKU_Family_Map!$A:$B,2,FALSE) | F49: crg-dr-cus-reg | G49: 8 | H49: 125 | I49: 15 | J49: =H49+I49 | K49: =J49-H49 | L49: =SUMIFS(Quota_Groups!$G:$G,Quota_Groups!$B:$B,A49,Quota_Groups!$D:$D,E49) | M49: =MIN(K49,L49) | N49: =IF(K49<=L49,"CAPACITY","QUOTA") | O49: =IF(K49<=0,"RESERVATION_DEFICIT",IF(L49<=0,"QUOTA_DEFICIT",IF(M49<I49*0.5,"READY_WITH_RISK","READY"))) | P49: DR 30% bootstrap (ENV-005)
A50: Central US | B50: US | C50: DR | D50: Standard_D16ads_v5 | E50: =VLOOKUP(D50,SKU_Family_Map!$A:$B,2,FALSE) | F50: crg-dr-cus-reg | G50: 16 | H50: 34 | I50: 8 | J50: =H50+I50 | K50: =J50-H50 | L50: =SUMIFS(Quota_Groups!$G:$G,Quota_Groups!$B:$B,A50,Quota_Groups!$D:$D,E50) | M50: =MIN(K50,L50) | N50: =IF(K50<=L50,"CAPACITY","QUOTA") | O50: =IF(K50<=0,"RESERVATION_DEFICIT",IF(L50<=0,"QUOTA_DEFICIT",IF(M50<I50*0.5,"READY_WITH_RISK","READY"))) | P50: DR 30% bootstrap (ENV-005)
A51: Central US | B51: US | C51: DR | D51: Standard_D8as_v5 | E51: =VLOOKUP(D51,SKU_Family_Map!$A:$B,2,FALSE) | F51: crg-dr-cus-reg | G51: 8 | H51: 1534 | I51: 184 | J51: =H51+I51 | K51: =J51-H51 | L51: =SUMIFS(Quota_Groups!$G:$G,Quota_Groups!$B:$B,A51,Quota_Groups!$D:$D,E51) | M51: =MIN(K51,L51) | N51: =IF(K51<=L51,"CAPACITY","QUOTA") | O51: =IF(K51<=0,"RESERVATION_DEFICIT",IF(L51<=0,"QUOTA_DEFICIT",IF(M51<I51*0.5,"READY_WITH_RISK","READY"))) | P51: DR 30% bootstrap (ENV-005)
A52: Central US | B52: US | C52: DR | D52: Standard_D16as_v5 | E52: =VLOOKUP(D52,SKU_Family_Map!$A:$B,2,FALSE) | F52: crg-dr-cus-reg | G52: 16 | H52: 1306 | I52: 157 | J52: =H52+I52 | K52: =J52-H52 | L52: =SUMIFS(Quota_Groups!$G:$G,Quota_Groups!$B:$B,A52,Quota_Groups!$D:$D,E52) | M52: =MIN(K52,L52) | N52: =IF(K52<=L52,"CAPACITY","QUOTA") | O52: =IF(K52<=0,"RESERVATION_DEFICIT",IF(L52<=0,"QUOTA_DEFICIT",IF(M52<I52*0.5,"READY_WITH_RISK","READY"))) | P52: DR 30% bootstrap (ENV-005)
A53: Canada Central | B53: US | C53: Prod | D53: Standard_E32ads_v5 | E53: =VLOOKUP(D53,SKU_Family_Map!$A:$B,2,FALSE) | F53: crg-pr-cac-reg | G53: 32 | H53: 949 | I53: 114 | J53: =H53+I53 | K53: =J53-H53 | L53: =SUMIFS(Quota_Groups!$G:$G,Quota_Groups!$B:$B,A53,Quota_Groups!$D:$D,E53) | M53: =MIN(K53,L53) | N53: =IF(K53<=L53,"CAPACITY","QUOTA") | O53: =IF(K53<=0,"RESERVATION_DEFICIT",IF(L53<=0,"QUOTA_DEFICIT",IF(M53<I53*0.5,"READY_WITH_RISK","READY"))) | P53: mock (absent in data)
A54: Canada Central | B54: US | C54: Prod | D54: Standard_E64ads_v5 | E54: =VLOOKUP(D54,SKU_Family_Map!$A:$B,2,FALSE) | F54: crg-pr-cac-reg | G54: 64 | H54: 1781 | I54: 214 | J54: =H54+I54 | K54: =J54-H54 | L54: =SUMIFS(Quota_Groups!$G:$G,Quota_Groups!$B:$B,A54,Quota_Groups!$D:$D,E54) | M54: =MIN(K54,L54) | N54: =IF(K54<=L54,"CAPACITY","QUOTA") | O54: =IF(K54<=0,"RESERVATION_DEFICIT",IF(L54<=0,"QUOTA_DEFICIT",IF(M54<I54*0.5,"READY_WITH_RISK","READY"))) | P54: mock (absent in data)
A55: Canada Central | B55: US | C55: Prod | D55: Standard_E16ads_v5 | E55: =VLOOKUP(D55,SKU_Family_Map!$A:$B,2,FALSE) | F55: crg-pr-cac-reg | G55: 16 | H55: 1208 | I55: 145 | J55: =H55+I55 | K55: =J55-H55 | L55: =SUMIFS(Quota_Groups!$G:$G,Quota_Groups!$B:$B,A55,Quota_Groups!$D:$D,E55) | M55: =MIN(K55,L55) | N55: =IF(K55<=L55,"CAPACITY","QUOTA") | O55: =IF(K55<=0,"RESERVATION_DEFICIT",IF(L55<=0,"QUOTA_DEFICIT",IF(M55<I55*0.5,"READY_WITH_RISK","READY"))) | P55: mock (absent in data)
A56: Canada Central | B56: US | C56: Prod | D56: Standard_E32ads_v6 | E56: =VLOOKUP(D56,SKU_Family_Map!$A:$B,2,FALSE) | F56: crg-pr-cac-reg | G56: 32 | H56: 3925 | I56: 471 | J56: =H56+I56 | K56: =J56-H56 | L56: =SUMIFS(Quota_Groups!$G:$G,Quota_Groups!$B:$B,A56,Quota_Groups!$D:$D,E56) | M56: =MIN(K56,L56) | N56: =IF(K56<=L56,"CAPACITY","QUOTA") | O56: =IF(K56<=0,"RESERVATION_DEFICIT",IF(L56<=0,"QUOTA_DEFICIT",IF(M56<I56*0.5,"READY_WITH_RISK","READY"))) | P56: mock (absent in data)
... A76: Canada Central | B76: US | C76: DR | D76: Standard_D16as_v5 | E76: =VLOOKUP(D76,SKU_Family_Map!$A:$B,2,FALSE) | F76: crg-dr-cac-reg | G76: 16 | H76: 487 | I76: 58 | J76: =H76+I76 | K76: =J76-H76 | L76: =SUMIFS(Quota_Groups!$G:$G,Quota_Groups!$B:$B,A76,Quota_Groups!$D:$D,E76) | M76: =MIN(K76,L76) | N76: =IF(K76<=L76,"CAPACITY","QUOTA") | O76: =IF(K76<=0,"RESERVATION_DEFICIT",IF(L76<=0,"QUOTA_DEFICIT",IF(M76<I76*0.5,"READY_WITH_RISK","READY"))) | P76: mock (absent in data); DR 30% bootstrap (ENV-005)
A77: East US 2 | B77: US | C77: Prod | D77: Standard_E32ads_v5 | E77: =VLOOKUP(D77,SKU_Family_Map!$A:$B,2,FALSE) | F77: crg-pr-eus2-reg | G77: 32 | H77: 5696 | I77: 684 | J77: =H77+I77 | K77: =J77-H77 | L77: =SUMIFS(Quota_Groups!$G:$G,Quota_Groups!$B:$B,A77,Quota_Groups!$D:$D,E77) | M77: =MIN(K77,L77) | N77: =IF(K77<=L77,"CAPACITY","QUOTA") | O77: =IF(K77<=0,"RESERVATION_DEFICIT",IF(L77<=0,"QUOTA_DEFICIT",IF(M77<I77*0.5,"READY_WITH_RISK","READY")))
A78: East US 2 | B78: US | C78: Prod | D78: Standard_E64ads_v5 | E78: =VLOOKUP(D78,SKU_Family_Map!$A:$B,2,FALSE) | F78: crg-pr-eus2-reg | G78: 64 | H78: 10688 | I78: 1283 | J78: =H78+I78 | K78: =J78-H78 | L78: =SUMIFS(Quota_Groups!$G:$G,Quota_Groups!$B:$B,A78,Quota_Groups!$D:$D,E78) | M78: =MIN(K78,L78) | N78: =IF(K78<=L78,"CAPACITY","QUOTA") | O78: =IF(K78<=0,"RESERVATION_DEFICIT",IF(L78<=0,"QUOTA_DEFICIT",IF(M78<I78*0.5,"READY_WITH_RISK","READY")))
A79: East US 2 | B79: US | C79: Prod | D79: Standard_E16ads_v5 | E79: =VLOOKUP(D79,SKU_Family_Map!$A:$B,2,FALSE) | F79: crg-pr-eus2-reg | G79: 16 | H79: 7152 | I79: 858 | J79: =H79+I79 | K79: =J79-H79 | L79: =SUMIFS(Quota_Groups!$G:$G,Quota_Groups!$B:$B,A79,Quota_Groups!$D:$D,E79) | M79: =MIN(K79,L79) | N79: =IF(K79<=L79,"CAPACITY","QUOTA") | O79: =IF(K79<=0,"RESERVATION_DEFICIT",IF(L79<=0,"QUOTA_DEFICIT",IF(M79<I79*0.5,"READY_WITH_RISK","READY")))
A80: East US 2 | B80: US | C80: Prod | D80: Standard_E32ads_v6 | E80: =VLOOKUP(D80,SKU_Family_Map!$A:$B,2,FALSE) | F80: crg-pr-eus2-reg | G80: 32 | H80: 23040 | I80: 2765 | J80: =H80+I80 | K80: =J80-H80 | L80: =SUMIFS(Quota_Groups!$G:$G,Quota_Groups!$B:$B,A80,Quota_Groups!$D:$D,E80) | M80: =MIN(K80,L80) | N80: =IF(K80<=L80,"CAPACITY","QUOTA") | O80: =IF(K80<=0,"RESERVATION_DEFICIT",IF(L80<=0,"QUOTA_DEFICIT",IF(M80<I80*0.5,"READY_WITH_RISK","READY")))
A81: East US 2 | B81: US | C81: Prod | D81: Standard_D8ads_v5 | E81: =VLOOKUP(D81,SKU_Family_Map!$A:$B,2,FALSE) | F81: crg-pr-eus2-reg | G81: 8 | H81: 10928 | I81: 1311 | J81: =H81+I81 | K81: =J81-H81 | L81: =SUMIFS(Quota_Groups!$G:$G,Quota_Groups!$B:$B,A81,Quota_Groups!$D:$D,E81) | M81: =MIN(K81,L81) | N81: =IF(K81<=L81,"CAPACITY","QUOTA") | O81: =IF(K81<=0,"RESERVATION_DEFICIT",IF(L81<=0,"QUOTA_DEFICIT",IF(M81<I81*0.5,"READY_WITH_RISK","READY")))
A82: East US 2 | B82: US | C82: Prod | D82: Standard_D16ads_v5 | E82: =VLOOKUP(D82,SKU_Family_Map!$A:$B,2,FALSE) | F82: crg-pr-eus2-reg | G82: 16 | H82: 6752 | I82: 810 | J82: =H82+I82 | K82: =J82-H82 | L82: =SUMIFS(Quota_Groups!$G:$G,Quota_Groups!$B:$B,A82,Quota_Groups!$D:$D,E82) | M82: =MIN(K82,L82) | N82: =IF(K82<=L82,"CAPACITY","QUOTA") | O82: =IF(K82<=0,"RESERVATION_DEFICIT",IF(L82<=0,"QUOTA_DEFICIT",IF(M82<I82*0.5,"READY_WITH_RISK","READY")))
A83: East US 2 | B83: US | C83: Prod | D83: Standard_D8as_v5 | E83: =VLOOKUP(D83,SKU_Family_Map!$A:$B,2,FALSE) | F83: crg-pr-eus2-reg | G83: 8 | H83: 9928 | I83: 1191 | J83: =H83+I83 | K83: =J83-H83 | L83: =SUMIFS(Quota_Groups!$G:$G,Quota_Groups!$B:$B,A83,Quota_Groups!$D:$D,E83) | M83: =MIN(K83,L83) | N83: =IF(K83<=L83,"CAPACITY","QUOTA") | O83: =IF(K83<=0,"RESERVATION_DEFICIT",IF(L83<=0,"QUOTA_DEFICIT",IF(M83<I83*0.5,"READY_WITH_RISK","READY")))
A84: East US 2 | B84: US | C84: Prod | D84: Standard_D16as_v5 | E84: =VLOOKUP(D84,SKU_Family_Map!$A:$B,2,FALSE) | F84: crg-pr-eus2-reg | G84: 16 | H84: 5392 | I84: 647 | J84: =H84+I84 | K84: =J84-H84 | L84: =SUMIFS(Quota_Groups!$G:$G,Quota_Groups!$B:$B,A84,Quota_Groups!$D:$D,E84) | M84: =MIN(K84,L84) | N84: =IF(K84<=L84,"CAPACITY","QUOTA") | O84: =IF(K84<=0,"RESERVATION_DEFICIT",IF(L84<=0,"QUOTA_DEFICIT",IF(M84<I84*0.5,"READY_WITH_RISK","READY")))
A85: East US 2 | B85: US | C85: NonProd | D85: Standard_E32ads_v5 | E85: =VLOOKUP(D85,SKU_Family_Map!$A:$B,2,FALSE) | F85: crg-np-eus2-reg | G85: 32 | H85: 80224 | I85: 9627 | J85: =H85+I85 | K85: =J85-H85 | L85: =SUMIFS(Quota_Groups!$G:$G,Quota_Groups!$B:$B,A85,Quota_Groups!$D:$D,E85) | M85: =MIN(K85,L85) | N85: =IF(K85<=L85,"CAPACITY","QUOTA") | O85: =IF(K85<=0,"RESERVATION_DEFICIT",IF(L85<=0,"QUOTA_DEFICIT",IF(M85<I85*0.5,"READY_WITH_RISK","READY")))
A86: East US 2 | B86: US | C86: NonProd | D86: Standard_E64ads_v5 | E86: =VLOOKUP(D86,SKU_Family_Map!$A:$B,2,FALSE) | F86: crg-np-eus2-reg | G86: 64 | H86: 52608 | I86: 6313 | J86: =H86+I86 | K86: =J86-H86 | L86: =SUMIFS(Quota_Groups!$G:$G,Quota_Groups!$B:$B,A86,Quota_Groups!$D:$D,E86) | M86: =MIN(K86,L86) | N86: =IF(K86<=L86,"CAPACITY","QUOTA") | O86: =IF(K86<=0,"RESERVATION_DEFICIT",IF(L86<=0,"QUOTA_DEFICIT",IF(M86<I86*0.5,"READY_WITH_RISK","READY")))
A87: East US 2 | B87: US | C87: NonProd | D87: Standard_E16ads_v5 | E87: =VLOOKUP(D87,SKU_Family_Map!$A:$B,2,FALSE) | F87: crg-np-eus2-reg | G87: 16 | H87: 13152 | I87: 1578 | J87: =H87+I87 | K87: =J87-H87 | L87: =SUMIFS(Quota_Groups!$G:$G,Quota_Groups!$B:$B,A87,Quota_Groups!$D:$D,E87) | M87: =MIN(K87,L87) | N87: =IF(K87<=L87,"CAPACITY","QUOTA") | O87: =IF(K87<=0,"RESERVATION_DEFICIT",IF(L87<=0,"QUOTA_DEFICIT",IF(M87<I87*0.5,"READY_WITH_RISK","READY")))
A88: East US 2 | B88: US | C88: NonProd | D88: Standard_E32ads_v6 | E88: =VLOOKUP(D88,SKU_Family_Map!$A:$B,2,FALSE) | F88: crg-np-eus2-reg | G88: 32 | H88: 17536 | I88: 2104 | J88: =H88+I88 | K88: =J88-H88 | L88: =SUMIFS(Quota_Groups!$G:$G,Quota_Groups!$B:$B,A88,Quota_Groups!$D:$D,E88) | M88: =MIN(K88,L88) | N88: =IF(K88<=L88,"CAPACITY","QUOTA") | O88: =IF(K88<=0,"RESERVATION_DEFICIT",IF(L88<=0,"QUOTA_DEFICIT",IF(M88<I88*0.5,"READY_WITH_RISK","READY")))
... A92: East US 2 | B92: US | C92: NonProd | D92: Standard_D16as_v5 | E92: =VLOOKUP(D92,SKU_Family_Map!$A:$B,2,FALSE) | F92: crg-np-eus2-reg | G92: 16 | H92: 2656 | I92: 319 | J92: =H92+I92 | K92: =J92-H92 | L92: =SUMIFS(Quota_Groups!$G:$G,Quota_Groups!$B:$B,A92,Quota_Groups!$D:$D,E92) | M92: =MIN(K92,L92) | N92: =IF(K92<=L92,"CAPACITY","QUOTA") | O92: =IF(K92<=0,"RESERVATION_DEFICIT",IF(L92<=0,"QUOTA_DEFICIT",IF(M92<I92*0.5,"READY_WITH_RISK","READY")))
A93: East US 2 | B93: US | C93: DR | D93: Standard_E32ads_v5 | E93: =VLOOKUP(D93,SKU_Family_Map!$A:$B,2,FALSE) | F93: crg-dr-eus2-reg | G93: 32 | H93: 1709 | I93: 205 | J93: =H93+I93 | K93: =J93-H93 | L93: =SUMIFS(Quota_Groups!$G:$G,Quota_Groups!$B:$B,A93,Quota_Groups!$D:$D,E93) | M93: =MIN(K93,L93) | N93: =IF(K93<=L93,"CAPACITY","QUOTA") | O93: =IF(K93<=0,"RESERVATION_DEFICIT",IF(L93<=0,"QUOTA_DEFICIT",IF(M93<I93*0.5,"READY_WITH_RISK","READY"))) | P93: DR 30% bootstrap (ENV-005)
A94: East US 2 | B94: US | C94: DR | D94: Standard_E64ads_v5 | E94: =VLOOKUP(D94,SKU_Family_Map!$A:$B,2,FALSE) | F94: crg-dr-eus2-reg | G94: 64 | H94: 3206 | I94: 385 | J94: =H94+I94 | K94: =J94-H94 | L94: =SUMIFS(Quota_Groups!$G:$G,Quota_Groups!$B:$B,A94,Quota_Groups!$D:$D,E94) | M94: =MIN(K94,L94) | N94: =IF(K94<=L94,"CAPACITY","QUOTA") | O94: =IF(K94<=0,"RESERVATION_DEFICIT",IF(L94<=0,"QUOTA_DEFICIT",IF(M94<I94*0.5,"READY_WITH_RISK","READY"))) | P94: DR 30% bootstrap (ENV-005)
A95: East US 2 | B95: US | C95: DR | D95: Standard_E16ads_v5 | E95: =VLOOKUP(D95,SKU_Family_Map!$A:$B,2,FALSE) | F95: crg-dr-eus2-reg | G95: 16 | H95: 2146 | I95: 258 | J95: =H95+I95 | K95: =J95-H95 | L95: =SUMIFS(Quota_Groups!$G:$G,Quota_Groups!$B:$B,A95,Quota_Groups!$D:$D,E95) | M95: =MIN(K95,L95) | N95: =IF(K95<=L95,"CAPACITY","QUOTA") | O95: =IF(K95<=0,"RESERVATION_DEFICIT",IF(L95<=0,"QUOTA_DEFICIT",IF(M95<I95*0.5,"READY_WITH_RISK","READY"))) | P95: DR 30% bootstrap (ENV-005)
A96: East US 2 | B96: US | C96: DR | D96: Standard_E32ads_v6 | E96: =VLOOKUP(D96,SKU_Family_Map!$A:$B,2,FALSE) | F96: crg-dr-eus2-reg | G96: 32 | H96: 6912 | I96: 829 | J96: =H96+I96 | K96: =J96-H96 | L96: =SUMIFS(Quota_Groups!$G:$G,Quota_Groups!$B:$B,A96,Quota_Groups!$D:$D,E96) | M96: =MIN(K96,L96) | N96: =IF(K96<=L96,"CAPACITY","QUOTA") | O96: =IF(K96<=0,"RESERVATION_DEFICIT",IF(L96<=0,"QUOTA_DEFICIT",IF(M96<I96*0.5,"READY_WITH_RISK","READY"))) | P96: DR 30% bootstrap (ENV-005)
A97: East US 2 | B97: US | C97: DR | D97: Standard_D8ads_v5 | E97: =VLOOKUP(D97,SKU_Family_Map!$A:$B,2,FALSE) | F97: crg-dr-eus2-reg | G97: 8 | H97: 3278 | I97: 393 | J97: =H97+I97 | K97: =J97-H97 | L97: =SUMIFS(Quota_Groups!$G:$G,Quota_Groups!$B:$B,A97,Quota_Groups!$D:$D,E97) | M97: =MIN(K97,L97) | N97: =IF(K97<=L97,"CAPACITY","QUOTA") | O97: =IF(K97<=0,"RESERVATION_DEFICIT",IF(L97<=0,"QUOTA_DEFICIT",IF(M97<I97*0.5,"READY_WITH_RISK","READY"))) | P97: DR 30% bootstrap (ENV-005)
A98: East US 2 | B98: US | C98: DR | D98: Standard_D16ads_v5 | E98: =VLOOKUP(D98,SKU_Family_Map!$A:$B,2,FALSE) | F98: crg-dr-eus2-reg | G98: 16 | H98: 2026 | I98: 243 | J98: =H98+I98 | K98: =J98-H98 | L98: =SUMIFS(Quota_Groups!$G:$G,Quota_Groups!$B:$B,A98,Quota_Groups!$D:$D,E98) | M98: =MIN(K98,L98) | N98: =IF(K98<=L98,"CAPACITY","QUOTA") | O98: =IF(K98<=0,"RESERVATION_DEFICIT",IF(L98<=0,"QUOTA_DEFICIT",IF(M98<I98*0.5,"READY_WITH_RISK","READY"))) | P98: DR 30% bootstrap (ENV-005)
A99: East US 2 | B99: US | C99: DR | D99: Standard_D8as_v5 | E99: =VLOOKUP(D99,SKU_Family_Map!$A:$B,2,FALSE) | F99: crg-dr-eus2-reg | G99: 8 | H99: 2978 | I99: 357 | J99: =H99+I99 | K99: =J99-H99 | L99: =SUMIFS(Quota_Groups!$G:$G,Quota_Groups!$B:$B,A99,Quota_Groups!$D:$D,E99) | M99: =MIN(K99,L99) | N99: =IF(K99<=L99,"CAPACITY","QUOTA") | O99: =IF(K99<=0,"RESERVATION_DEFICIT",IF(L99<=0,"QUOTA_DEFICIT",IF(M99<I99*0.5,"READY_WITH_RISK","READY"))) | P99: DR 30% bootstrap (ENV-005)
A100: East US 2 | B100: US | C100: DR | D100: Standard_D16as_v5 | E100: =VLOOKUP(D100,SKU_Family_Map!$A:$B,2,FALSE) | F100: crg-dr-eus2-reg | G100: 16 | H100: 1618 | I100: 194 | J100: =H100+I100 | K100: =J100-H100 | L100: =SUMIFS(Quota_Groups!$G:$G,Quota_Groups!$B:$B,A100,Quota_Groups!$D:$D,E100) | M100: =MIN(K100,L100) | N100: =IF(K100<=L100,"CAPACITY","QUOTA") | O100: =IF(K100<=0,"RESERVATION_DEFICIT",IF(L100<=0,"QUOTA_DEFICIT",IF(M100<I100*0.5,"READY_WITH_RISK","READY"))) | P100: DR 30% bootstrap (ENV-005)
A101: Switzerland North | B101: EU | C101: Prod | D101: Standard_E32ads_v5 | E101: =VLOOKUP(D101,SKU_Family_Map!$A:$B,2,FALSE) | F101: crg-pr-chn-reg | G101: 32 | H101: 0 | I101: 8 | J101: =H101+I101 | K101: =J101-H101 | L101: =SUMIFS(Quota_Groups!$G:$G,Quota_Groups!$B:$B,A101,Quota_Groups!$D:$D,E101) | M101: =MIN(K101,L101) | N101: =IF(K101<=L101,"CAPACITY","QUOTA") | O101: =IF(K101<=0,"RESERVATION_DEFICIT",IF(L101<=0,"QUOTA_DEFICIT",IF(M101<I101*0.5,"READY_WITH_RISK","READY")))
A102: Switzerland North | B102: EU | C102: Prod | D102: Standard_E64ads_v5 | E102: =VLOOKUP(D102,SKU_Family_Map!$A:$B,2,FALSE) | F102: crg-pr-chn-reg | G102: 64 | H102: 0 | I102: 8 | J102: =H102+I102 | K102: =J102-H102 | L102: =SUMIFS(Quota_Groups!$G:$G,Quota_Groups!$B:$B,A102,Quota_Groups!$D:$D,E102) | M102: =MIN(K102,L102) | N102: =IF(K102<=L102,"CAPACITY","QUOTA") | O102: =IF(K102<=0,"RESERVATION_DEFICIT",IF(L102<=0,"QUOTA_DEFICIT",IF(M102<I102*0.5,"READY_WITH_RISK","READY")))
A103: Switzerland North | B103: EU | C103: Prod | D103: Standard_E16ads_v5 | E103: =VLOOKUP(D103,SKU_Family_Map!$A:$B,2,FALSE) | F103: crg-pr-chn-reg | G103: 16 | H103: 0 | I103: 8 | J103: =H103+I103 | K103: =J103-H103 | L103: =SUMIFS(Quota_Groups!$G:$G,Quota_Groups!$B:$B,A103,Quota_Groups!$D:$D,E103) | M103: =MIN(K103,L103) | N103: =IF(K103<=L103,"CAPACITY","QUOTA") | O103: =IF(K103<=0,"RESERVATION_DEFICIT",IF(L103<=0,"QUOTA_DEFICIT",IF(M103<I103*0.5,"READY_WITH_RISK","READY")))
A104: Switzerland North | B104: EU | C104: Prod | D104: Standard_E32ads_v6 | E104: =VLOOKUP(D104,SKU_Family_Map!$A:$B,2,FALSE) | F104: crg-pr-chn-reg | G104: 32 | H104: 576 | I104: 69 | J104: =H104+I104 | K104: =J104-H104 | L104: =SUMIFS(Quota_Groups!$G:$G,Quota_Groups!$B:$B,A104,Quota_Groups!$D:$D,E104) | M104: =MIN(K104,L104) | N104: =IF(K104<=L104,"CAPACITY","QUOTA") | O104: =IF(K104<=0,"RESERVATION_DEFICIT",IF(L104<=0,"QUOTA_DEFICIT",IF(M104<I104*0.5,"READY_WITH_RISK","READY")))
A105: Switzerland North | B105: EU | C105: Prod | D105: Standard_D8ads_v5 | E105: =VLOOKUP(D105,SKU_Family_Map!$A:$B,2,FALSE) | F105: crg-pr-chn-reg | G105: 8 | H105: 0 | I105: 8 | J105: =H105+I105 | K105: =J105-H105 | L105: =SUMIFS(Quota_Groups!$G:$G,Quota_Groups!$B:$B,A105,Quota_Groups!$D:$D,E105) | M105: =MIN(K105,L105) | N105: =IF(K105<=L105,"CAPACITY","QUOTA") | O105: =IF(K105<=0,"RESERVATION_DEFICIT",IF(L105<=0,"QUOTA_DEFICIT",IF(M105<I105*0.5,"READY_WITH_RISK","READY")))
A106: Switzerland North | B106: EU | C106: Prod | D106: Standard_D16ads_v5 | E106: =VLOOKUP(D106,SKU_Family_Map!$A:$B,2,FALSE) | F106: crg-pr-chn-reg | G106: 16 | H106: 0 | I106: 8 | J106: =H106+I106 | K106: =J106-H106 | L106: =SUMIFS(Quota_Groups!$G:$G,Quota_Groups!$B:$B,A106,Quota_Groups!$D:$D,E106) | M106: =MIN(K106,L106) | N106: =IF(K106<=L106,"CAPACITY","QUOTA") | O106: =IF(K106<=0,"RESERVATION_DEFICIT",IF(L106<=0,"QUOTA_DEFICIT",IF(M106<I106*0.5,"READY_WITH_RISK","READY")))
A107: Switzerland North | B107: EU | C107: Prod | D107: Standard_D8as_v5 | E107: =VLOOKUP(D107,SKU_Family_Map!$A:$B,2,FALSE) | F107: crg-pr-chn-reg | G107: 8 | H107: 0 | I107: 8 | J107: =H107+I107 | K107: =J107-H107 | L107: =SUMIFS(Quota_Groups!$G:$G,Quota_Groups!$B:$B,A107,Quota_Groups!$D:$D,E107) | M107: =MIN(K107,L107) | N107: =IF(K107<=L107,"CAPACITY","QUOTA") | O107: =IF(K107<=0,"RESERVATION_DEFICIT",IF(L107<=0,"QUOTA_DEFICIT",IF(M107<I107*0.5,"READY_WITH_RISK","READY")))
A108: Switzerland North | B108: EU | C108: Prod | D108: Standard_D16as_v5 | E108: =VLOOKUP(D108,SKU_Family_Map!$A:$B,2,FALSE) | F108: crg-pr-chn-reg | G108: 16 | H108: 0 | I108: 8 | J108: =H108+I108 | K108: =J108-H108 | L108: =SUMIFS(Quota_Groups!$G:$G,Quota_Groups!$B:$B,A108,Quota_Groups!$D:$D,E108) | M108: =MIN(K108,L108) | N108: =IF(K108<=L108,"CAPACITY","QUOTA") | O108: =IF(K108<=0,"RESERVATION_DEFICIT",IF(L108<=0,"QUOTA_DEFICIT",IF(M108<I108*0.5,"READY_WITH_RISK","READY")))
A109: Switzerland North | B109: EU | C109: NonProd | D109: Standard_E32ads_v5 | E109: =VLOOKUP(D109,SKU_Family_Map!$A:$B,2,FALSE) | F109: crg-np-chn-reg | G109: 32 | H109: 0 | I109: 8 | J109: =H109+I109 | K109: =J109-H109 | L109: =SUMIFS(Quota_Groups!$G:$G,Quota_Groups!$B:$B,A109,Quota_Groups!$D:$D,E109) | M109: =MIN(K109,L109) | N109: =IF(K109<=L109,"CAPACITY","QUOTA") | O109: =IF(K109<=0,"RESERVATION_DEFICIT",IF(L109<=0,"QUOTA_DEFICIT",IF(M109<I109*0.5,"READY_WITH_RISK","READY")))
A110: Switzerland North | B110: EU | C110: NonProd | D110: Standard_E64ads_v5 | E110: =VLOOKUP(D110,SKU_Family_Map!$A:$B,2,FALSE) | F110: crg-np-chn-reg | G110: 64 | H110: 0 | I110: 8 | J110: =H110+I110 | K110: =J110-H110 | L110: =SUMIFS(Quota_Groups!$G:$G,Quota_Groups!$B:$B,A110,Quota_Groups!$D:$D,E110) | M110: =MIN(K110,L110) | N110: =IF(K110<=L110,"CAPACITY","QUOTA") | O110: =IF(K110<=0,"RESERVATION_DEFICIT",IF(L110<=0,"QUOTA_DEFICIT",IF(M110<I110*0.5,"READY_WITH_RISK","READY")))
A111: Switzerland North | B111: EU | C111: NonProd | D111: Standard_E16ads_v5 | E111: =VLOOKUP(D111,SKU_Family_Map!$A:$B,2,FALSE) | F111: crg-np-chn-reg | G111: 16 | H111: 0 | I111: 8 | J111: =H111+I111 | K111: =J111-H111 | L111: =SUMIFS(Quota_Groups!$G:$G,Quota_Groups!$B:$B,A111,Quota_Groups!$D:$D,E111) | M111: =MIN(K111,L111) | N111: =IF(K111<=L111,"CAPACITY","QUOTA") | O111: =IF(K111<=0,"RESERVATION_DEFICIT",IF(L111<=0,"QUOTA_DEFICIT",IF(M111<I111*0.5,"READY_WITH_RISK","READY")))
A112: Switzerland North | B112: EU | C112: NonProd | D112: Standard_E32ads_v6 | E112: =VLOOKUP(D112,SKU_Family_Map!$A:$B,2,FALSE) | F112: crg-np-chn-reg | G112: 32 | H112: 576 | I112: 69 | J112: =H112+I112 | K112: =J112-H112 | L112: =SUMIFS(Quota_Groups!$G:$G,Quota_Groups!$B:$B,A112,Quota_Groups!$D:$D,E112) | M112: =MIN(K112,L112) | N112: =IF(K112<=L112,"CAPACITY","QUOTA") | O112: =IF(K112<=0,"RESERVATION_DEFICIT",IF(L112<=0,"QUOTA_DEFICIT",IF(M112<I112*0.5,"READY_WITH_RISK","READY")))
... A116: Switzerland North | B116: EU | C116: NonProd | D116: Standard_D16as_v5 | E116: =VLOOKUP(D116,SKU_Family_Map!$A:$B,2,FALSE) | F116: crg-np-chn-reg | G116: 16 | H116: 0 | I116: 8 | J116: =H116+I116 | K116: =J116-H116 | L116: =SUMIFS(Quota_Groups!$G:$G,Quota_Groups!$B:$B,A116,Quota_Groups!$D:$D,E116) | M116: =MIN(K116,L116) | N116: =IF(K116<=L116,"CAPACITY","QUOTA") | O116: =IF(K116<=0,"RESERVATION_DEFICIT",IF(L116<=0,"QUOTA_DEFICIT",IF(M116<I116*0.5,"READY_WITH_RISK","READY")))
A117: Switzerland North | B117: EU | C117: DR | D117: Standard_E32ads_v5 | E117: =VLOOKUP(D117,SKU_Family_Map!$A:$B,2,FALSE) | F117: crg-dr-chn-reg | G117: 32 | H117: 0 | I117: 8 | J117: =H117+I117 | K117: =J117-H117 | L117: =SUMIFS(Quota_Groups!$G:$G,Quota_Groups!$B:$B,A117,Quota_Groups!$D:$D,E117) | M117: =MIN(K117,L117) | N117: =IF(K117<=L117,"CAPACITY","QUOTA") | O117: =IF(K117<=0,"RESERVATION_DEFICIT",IF(L117<=0,"QUOTA_DEFICIT",IF(M117<I117*0.5,"READY_WITH_RISK","READY"))) | P117: DR 30% bootstrap (ENV-005)
A118: Switzerland North | B118: EU | C118: DR | D118: Standard_E64ads_v5 | E118: =VLOOKUP(D118,SKU_Family_Map!$A:$B,2,FALSE) | F118: crg-dr-chn-reg | G118: 64 | H118: 0 | I118: 8 | J118: =H118+I118 | K118: =J118-H118 | L118: =SUMIFS(Quota_Groups!$G:$G,Quota_Groups!$B:$B,A118,Quota_Groups!$D:$D,E118) | M118: =MIN(K118,L118) | N118: =IF(K118<=L118,"CAPACITY","QUOTA") | O118: =IF(K118<=0,"RESERVATION_DEFICIT",IF(L118<=0,"QUOTA_DEFICIT",IF(M118<I118*0.5,"READY_WITH_RISK","READY"))) | P118: DR 30% bootstrap (ENV-005)
A119: Switzerland North | B119: EU | C119: DR | D119: Standard_E16ads_v5 | E119: =VLOOKUP(D119,SKU_Family_Map!$A:$B,2,FALSE) | F119: crg-dr-chn-reg | G119: 16 | H119: 0 | I119: 8 | J119: =H119+I119 | K119: =J119-H119 | L119: =SUMIFS(Quota_Groups!$G:$G,Quota_Groups!$B:$B,A119,Quota_Groups!$D:$D,E119) | M119: =MIN(K119,L119) | N119: =IF(K119<=L119,"CAPACITY","QUOTA") | O119: =IF(K119<=0,"RESERVATION_DEFICIT",IF(L119<=0,"QUOTA_DEFICIT",IF(M119<I119*0.5,"READY_WITH_RISK","READY"))) | P119: DR 30% bootstrap (ENV-005)
A120: Switzerland North | B120: EU | C120: DR | D120: Standard_E32ads_v6 | E120: =VLOOKUP(D120,SKU_Family_Map!$A:$B,2,FALSE) | F120: crg-dr-chn-reg | G120: 32 | H120: 173 | I120: 21 | J120: =H120+I120 | K120: =J120-H120 | L120: =SUMIFS(Quota_Groups!$G:$G,Quota_Groups!$B:$B,A120,Quota_Groups!$D:$D,E120) | M120: =MIN(K120,L120) | N120: =IF(K120<=L120,"CAPACITY","QUOTA") | O120: =IF(K120<=0,"RESERVATION_DEFICIT",IF(L120<=0,"QUOTA_DEFICIT",IF(M120<I120*0.5,"READY_WITH_RISK","READY"))) | P120: DR 30% bootstrap (ENV-005)
A121: Switzerland North | B121: EU | C121: DR | D121: Standard_D8ads_v5 | E121: =VLOOKUP(D121,SKU_Family_Map!$A:$B,2,FALSE) | F121: crg-dr-chn-reg | G121: 8 | H121: 0 | I121: 8 | J121: =H121+I121 | K121: =J121-H121 | L121: =SUMIFS(Quota_Groups!$G:$G,Quota_Groups!$B:$B,A121,Quota_Groups!$D:$D,E121) | M121: =MIN(K121,L121) | N121: =IF(K121<=L121,"CAPACITY","QUOTA") | O121: =IF(K121<=0,"RESERVATION_DEFICIT",IF(L121<=0,"QUOTA_DEFICIT",IF(M121<I121*0.5,"READY_WITH_RISK","READY"))) | P121: DR 30% bootstrap (ENV-005)
A122: Switzerland North | B122: EU | C122: DR | D122: Standard_D16ads_v5 | E122: =VLOOKUP(D122,SKU_Family_Map!$A:$B,2,FALSE) | F122: crg-dr-chn-reg | G122: 16 | H122: 0 | I122: 8 | J122: =H122+I122 | K122: =J122-H122 | L122: =SUMIFS(Quota_Groups!$G:$G,Quota_Groups!$B:$B,A122,Quota_Groups!$D:$D,E122) | M122: =MIN(K122,L122) | N122: =IF(K122<=L122,"CAPACITY","QUOTA") | O122: =IF(K122<=0,"RESERVATION_DEFICIT",IF(L122<=0,"QUOTA_DEFICIT",IF(M122<I122*0.5,"READY_WITH_RISK","READY"))) | P122: DR 30% bootstrap (ENV-005)
A123: Switzerland North | B123: EU | C123: DR | D123: Standard_D8as_v5 | E123: =VLOOKUP(D123,SKU_Family_Map!$A:$B,2,FALSE) | F123: crg-dr-chn-reg | G123: 8 | H123: 0 | I123: 8 | J123: =H123+I123 | K123: =J123-H123 | L123: =SUMIFS(Quota_Groups!$G:$G,Quota_Groups!$B:$B,A123,Quota_Groups!$D:$D,E123) | M123: =MIN(K123,L123) | N123: =IF(K123<=L123,"CAPACITY","QUOTA") | O123: =IF(K123<=0,"RESERVATION_DEFICIT",IF(L123<=0,"QUOTA_DEFICIT",IF(M123<I123*0.5,"READY_WITH_RISK","READY"))) | P123: DR 30% bootstrap (ENV-005)
A124: Switzerland North | B124: EU | C124: DR | D124: Standard_D16as_v5 | E124: =VLOOKUP(D124,SKU_Family_Map!$A:$B,2,FALSE) | F124: crg-dr-chn-reg | G124: 16 | H124: 0 | I124: 8 | J124: =H124+I124 | K124: =J124-H124 | L124: =SUMIFS(Quota_Groups!$G:$G,Quota_Groups!$B:$B,A124,Quota_Groups!$D:$D,E124) | M124: =MIN(K124,L124) | N124: =IF(K124<=L124,"CAPACITY","QUOTA") | O124: =IF(K124<=0,"RESERVATION_DEFICIT",IF(L124<=0,"QUOTA_DEFICIT",IF(M124<I124*0.5,"READY_WITH_RISK","READY"))) | P124: DR 30% bootstrap (ENV-005)
A125: Sweden Central | B125: EU | C125: Prod | D125: Standard_E32ads_v5 | E125: =VLOOKUP(D125,SKU_Family_Map!$A:$B,2,FALSE) | F125: crg-pr-sec-reg | G125: 32 | H125: 64 | I125: 8 | J125: =H125+I125 | K125: =J125-H125 | L125: =SUMIFS(Quota_Groups!$G:$G,Quota_Groups!$B:$B,A125,Quota_Groups!$D:$D,E125) | M125: =MIN(K125,L125) | N125: =IF(K125<=L125,"CAPACITY","QUOTA") | O125: =IF(K125<=0,"RESERVATION_DEFICIT",IF(L125<=0,"QUOTA_DEFICIT",IF(M125<I125*0.5,"READY_WITH_RISK","READY")))
A126: Sweden Central | B126: EU | C126: Prod | D126: Standard_E64ads_v5 | E126: =VLOOKUP(D126,SKU_Family_Map!$A:$B,2,FALSE) | F126: crg-pr-sec-reg | G126: 64 | H126: 0 | I126: 8 | J126: =H126+I126 | K126: =J126-H126 | L126: =SUMIFS(Quota_Groups!$G:$G,Quota_Groups!$B:$B,A126,Quota_Groups!$D:$D,E126) | M126: =MIN(K126,L126) | N126: =IF(K126<=L126,"CAPACITY","QUOTA") | O126: =IF(K126<=0,"RESERVATION_DEFICIT",IF(L126<=0,"QUOTA_DEFICIT",IF(M126<I126*0.5,"READY_WITH_RISK","READY")))
A127: Sweden Central | B127: EU | C127: Prod | D127: Standard_E16ads_v5 | E127: =VLOOKUP(D127,SKU_Family_Map!$A:$B,2,FALSE) | F127: crg-pr-sec-reg | G127: 16 | H127: 96 | I127: 12 | J127: =H127+I127 | K127: =J127-H127 | L127: =SUMIFS(Quota_Groups!$G:$G,Quota_Groups!$B:$B,A127,Quota_Groups!$D:$D,E127) | M127: =MIN(K127,L127) | N127: =IF(K127<=L127,"CAPACITY","QUOTA") | O127: =IF(K127<=0,"RESERVATION_DEFICIT",IF(L127<=0,"QUOTA_DEFICIT",IF(M127<I127*0.5,"READY_WITH_RISK","READY")))
A128: Sweden Central | B128: EU | C128: Prod | D128: Standard_E32ads_v6 | E128: =VLOOKUP(D128,SKU_Family_Map!$A:$B,2,FALSE) | F128: crg-pr-sec-reg | G128: 32 | H128: 768 | I128: 92 | J128: =H128+I128 | K128: =J128-H128 | L128: =SUMIFS(Quota_Groups!$G:$G,Quota_Groups!$B:$B,A128,Quota_Groups!$D:$D,E128) | M128: =MIN(K128,L128) | N128: =IF(K128<=L128,"CAPACITY","QUOTA") | O128: =IF(K128<=0,"RESERVATION_DEFICIT",IF(L128<=0,"QUOTA_DEFICIT",IF(M128<I128*0.5,"READY_WITH_RISK","READY")))
A129: Sweden Central | B129: EU | C129: Prod | D129: Standard_D8ads_v5 | E129: =VLOOKUP(D129,SKU_Family_Map!$A:$B,2,FALSE) | F129: crg-pr-sec-reg | G129: 8 | H129: 0 | I129: 8 | J129: =H129+I129 | K129: =J129-H129 | L129: =SUMIFS(Quota_Groups!$G:$G,Quota_Groups!$B:$B,A129,Quota_Groups!$D:$D,E129) | M129: =MIN(K129,L129) | N129: =IF(K129<=L129,"CAPACITY","QUOTA") | O129: =IF(K129<=0,"RESERVATION_DEFICIT",IF(L129<=0,"QUOTA_DEFICIT",IF(M129<I129*0.5,"READY_WITH_RISK","READY")))
A130: Sweden Central | B130: EU | C130: Prod | D130: Standard_D16ads_v5 | E130: =VLOOKUP(D130,SKU_Family_Map!$A:$B,2,FALSE) | F130: crg-pr-sec-reg | G130: 16 | H130: 0 | I130: 8 | J130: =H130+I130 | K130: =J130-H130 | L130: =SUMIFS(Quota_Groups!$G:$G,Quota_Groups!$B:$B,A130,Quota_Groups!$D:$D,E130) | M130: =MIN(K130,L130) | N130: =IF(K130<=L130,"CAPACITY","QUOTA") | O130: =IF(K130<=0,"RESERVATION_DEFICIT",IF(L130<=0,"QUOTA_DEFICIT",IF(M130<I130*0.5,"READY_WITH_RISK","READY")))
A131: Sweden Central | B131: EU | C131: Prod | D131: Standard_D8as_v5 | E131: =VLOOKUP(D131,SKU_Family_Map!$A:$B,2,FALSE) | F131: crg-pr-sec-reg | G131: 8 | H131: 0 | I131: 8 | J131: =H131+I131 | K131: =J131-H131 | L131: =SUMIFS(Quota_Groups!$G:$G,Quota_Groups!$B:$B,A131,Quota_Groups!$D:$D,E131) | M131: =MIN(K131,L131) | N131: =IF(K131<=L131,"CAPACITY","QUOTA") | O131: =IF(K131<=0,"RESERVATION_DEFICIT",IF(L131<=0,"QUOTA_DEFICIT",IF(M131<I131*0.5,"READY_WITH_RISK","READY")))
...

Sheet Quota_Groups
A1: QUOTA GROUPS (hoarded pool per Region × Family, across Prod+NonProd+DR)
A2: ONE governed quota group per region × VM/quota family (QUA-004), POOLED across all environments (Prod+NonProd+DR) — quota and capacity are separate planes, so ENV-003 does NOT split quota. Unused quota is HOARDED into the pool (QUA-003) and DISTRIBUTED to subscriptions on demand. 'Group Used' sums Allocated across ALL environments for the family (live).
A3: Quota Group | B3: Region | C3: Geography | D3: Quota Family | E3: Group Limit (pooled) | F3: Group Used (all envs) | G3: Group Available | H3: Hoarded Contrib | I3: Pending Increase | J3: Notes
A4: qg-wus3-eadsv5 | B4: West US 3 | C4: US | D4: Eadsv5 | E4: 0 | F4: =SUMIFS(Capacity_By_SKU!$H:$H,Capacity_By_SKU!$A:$A,B4,Capacity_By_SKU!$E:$E,D4) | G4: =E4-F4 | H4: 0 | I4: 0
A5: qg-wus3-eadsv6 | B5: West US 3 | C5: US | D5: Eadsv6 | E5: 0 | F5: =SUMIFS(Capacity_By_SKU!$H:$H,Capacity_By_SKU!$A:$A,B5,Capacity_By_SKU!$E:$E,D5) | G5: =E5-F5 | H5: 0 | I5: 0
A6: qg-wus3-dadsv5 | B6: West US 3 | C6: US | D6: Dadsv5 | E6: 0 | F6: =SUMIFS(Capacity_By_SKU!$H:$H,Capacity_By_SKU!$A:$A,B6,Capacity_By_SKU!$E:$E,D6) | G6: =E6-F6 | H6: 0 | I6: 0
A7: qg-wus3-dasv5 | B7: West US 3 | C7: US | D7: Dasv5 | E7: 0 | F7: =SUMIFS(Capacity_By_SKU!$H:$H,Capacity_By_SKU!$A:$A,B7,Capacity_By_SKU!$E:$E,D7) | G7: =E7-F7 | H7: 0 | I7: 0
A8: qg-cus-eadsv5 | B8: Central US | C8: US | D8: Eadsv5 | E8: 11505 | F8: =SUMIFS(Capacity_By_SKU!$H:$H,Capacity_By_SKU!$A:$A,B8,Capacity_By_SKU!$E:$E,D8) | G8: =E8-F8 | H8: 1150 | I8: 0
A9: qg-cus-eadsv6 | B9: Central US | C9: US | D9: Eadsv6 | E9: 1208 | F9: =SUMIFS(Capacity_By_SKU!$H:$H,Capacity_By_SKU!$A:$A,B9,Capacity_By_SKU!$E:$E,D9) | G9: =E9-F9 | H9: 121 | I9: 0
A10: qg-cus-dadsv5 | B10: Central US | C10: US | D10: Dadsv5 | E10: 6199 | F10: =SUMIFS(Capacity_By_SKU!$H:$H,Capacity_By_SKU!$A:$A,B10,Capacity_By_SKU!$E:$E,D10) | G10: =E10-F10 | H10: 620 | I10: 0
A11: qg-cus-dasv5 | B11: Central US | C11: US | D11: Dasv5 | E11: 19012 | F11: =SUMIFS(Capacity_By_SKU!$H:$H,Capacity_By_SKU!$A:$A,B11,Capacity_By_SKU!$E:$E,D11) | G11: =E11-F11 | H11: 1901 | I11: 0
A12: qg-cac-eadsv5 | B12: Canada Central | C12: US | D12: Eadsv5 | E12: 32818 | F12: =SUMIFS(Capacity_By_SKU!$H:$H,Capacity_By_SKU!$A:$A,B12,Capacity_By_SKU!$E:$E,D12) | G12: =E12-F12 | H12: 3282 | I12: 0 | J12: mock (absent in data)
A13: qg-cac-eadsv6 | B13: Canada Central | C13: US | D13: Eadsv6 | E13: 9304 | F13: =SUMIFS(Capacity_By_SKU!$H:$H,Capacity_By_SKU!$A:$A,B13,Capacity_By_SKU!$E:$E,D13) | G13: =E13-F13 | H13: 930 | I13: 0 | J13: mock (absent in data)
A14: qg-cac-dadsv5 | B14: Canada Central | C14: US | D14: Dadsv5 | E14: 10574 | F14: =SUMIFS(Capacity_By_SKU!$H:$H,Capacity_By_SKU!$A:$A,B14,Capacity_By_SKU!$E:$E,D14) | G14: =E14-F14 | H14: 1057 | I14: 0 | J14: mock (absent in data)
A15: qg-cac-dasv5 | B15: Canada Central | C15: US | D15: Dasv5 | E15: 11567 | F15: =SUMIFS(Capacity_By_SKU!$H:$H,Capacity_By_SKU!$A:$A,B15,Capacity_By_SKU!$E:$E,D15) | G15: =E15-F15 | H15: 1157 | I15: 0 | J15: mock (absent in data)
A16: qg-eus2-eadsv5 | B16: East US 2 | C16: US | D16: Eadsv5 | E16: 185410 | F16: =SUMIFS(Capacity_By_SKU!$H:$H,Capacity_By_SKU!$A:$A,B16,Capacity_By_SKU!$E:$E,D16) | G16: =E16-F16 | H16: 18541 | I16: 0
A17: qg-eus2-eadsv6 | B17: East US 2 | C17: US | D17: Eadsv6 | E17: 54611 | F17: =SUMIFS(Capacity_By_SKU!$H:$H,Capacity_By_SKU!$A:$A,B17,Capacity_By_SKU!$E:$E,D17) | G17: =E17-F17 | H17: 5461 | I17: 0
A18: qg-eus2-dadsv5 | B18: East US 2 | C18: US | D18: Dadsv5 | E18: 57240 | F18: =SUMIFS(Capacity_By_SKU!$H:$H,Capacity_By_SKU!$A:$A,B18,Capacity_By_SKU!$E:$E,D18) | G18: =E18-F18 | H18: 5724 | I18: 0
A19: qg-eus2-dasv5 | B19: East US 2 | C19: US | D19: Dasv5 | E19: 50385 | F19: =SUMIFS(Capacity_By_SKU!$H:$H,Capacity_By_SKU!$A:$A,B19,Capacity_By_SKU!$E:$E,D19) | G19: =E19-F19 | H19: 5038 | I19: 0
A20: qg-chn-eadsv5 | B20: Switzerland North | C20: EU | D20: Eadsv5 | E20: 0 | F20: =SUMIFS(Capacity_By_SKU!$H:$H,Capacity_By_SKU!$A:$A,B20,Capacity_By_SKU!$E:$E,D20) | G20: =E20-F20 | H20: 0 | I20: 0
A21: qg-chn-eadsv6 | B21: Switzerland North | C21: EU | D21: Eadsv6 | E21: 1524 | F21: =SUMIFS(Capacity_By_SKU!$H:$H,Capacity_By_SKU!$A:$A,B21,Capacity_By_SKU!$E:$E,D21) | G21: =E21-F21 | H21: 152 | I21: 0
A22: qg-chn-dadsv5 | B22: Switzerland North | C22: EU | D22: Dadsv5 | E22: 0 | F22: =SUMIFS(Capacity_By_SKU!$H:$H,Capacity_By_SKU!$A:$A,B22,Capacity_By_SKU!$E:$E,D22) | G22: =E22-F22 | H22: 0 | I22: 0
A23: qg-chn-dasv5 | B23: Switzerland North | C23: EU | D23: Dasv5 | E23: 0 | F23: =SUMIFS(Capacity_By_SKU!$H:$H,Capacity_By_SKU!$A:$A,B23,Capacity_By_SKU!$E:$E,D23) | G23: =E23-F23 | H23: 0 | I23: 0
A24: qg-sec-eadsv5 | B24: Sweden Central | C24: EU | D24: Eadsv5 | E24: 386 | F24: =SUMIFS(Capacity_By_SKU!$H:$H,Capacity_By_SKU!$A:$A,B24,Capacity_By_SKU!$E:$E,D24) | G24: =E24-F24 | H24: 39 | I24: 0
A25: qg-sec-eadsv6 | B25: Sweden Central | C25: EU | D25: Eadsv6 | E25: 2031 | F25: =SUMIFS(Capacity_By_SKU!$H:$H,Capacity_By_SKU!$A:$A,B25,Capacity_By_SKU!$E:$E,D25) | G25: =E25-F25 | H25: 203 | I25: 0
A26: qg-sec-dadsv5 | B26: Sweden Central | C26: EU | D26: Dadsv5 | E26: 0 | F26: =SUMIFS(Capacity_By_SKU!$H:$H,Capacity_By_SKU!$A:$A,B26,Capacity_By_SKU!$E:$E,D26) | G26: =E26-F26 | H26: 0 | I26: 0
A27: qg-sec-dasv5 | B27: Sweden Central | C27: EU | D27: Dasv5 | E27: 0 | F27: =SUMIFS(Capacity_By_SKU!$H:$H,Capacity_By_SKU!$A:$A,B27,Capacity_By_SKU!$E:$E,D27) | G27: =E27-F27 | H27: 0 | I27: 0
... A35: qg-weu-dasv5 | B35: West Europe | C35: EU | D35: Dasv5 | E35: 15048 | F35: =SUMIFS(Capacity_By_SKU!$H:$H,Capacity_By_SKU!$A:$A,B35,Capacity_By_SKU!$E:$E,D35) | G35: =E35-F35 | H35: 1505 | I35: 0

Sheet SKU_Grain_ReadMe
B1: SKU-LEVEL CAPACITY & QUOTA GROUPS — PHASE 1 (read-only SKU-grain view)
B2: Design: Design/acrme_sku_level_capacity_quota_design.md | Reconciled to baseline v2.4 | What-if, not a baseline change.
B4: WHAT PHASE 1 ADDS
B5: The base workbook scored capacity/quota as ONE number per environment per region. Phase 1 surfaces the grain the engine actually operates on: capacity reservations BY SKU, and quota as pooled quota GROUPS by VM/quota family.
B7: THE FOUR NEW SHEETS
B8: • SKU_Family_Map — SKU → quota family (many SKUs → one family). Drives every lookup.
B9: • SKU_Catalogue — managed SKU set (seed-matrix view, CAP-022) with vCPU, family, zonal/eligibility.
B10: • Capacity_By_SKU — reservations at Region × Environment × SKU (separate CRG per env, ENV-003 capacity plane). Computes GROUP AVAILABILITY = MIN(SKU reserved-free, family quota-available).
B11: • Quota_Groups — ONE pooled quota group per Region × Family, across Prod+NonProd+DR (QUA-004), hoarded (QUA-003).
B13: THE CORE JOIN — 'availability by group during allocation'
B14: A placement is gated by the MINIMUM of two independent planes:
B15: group_availability(SKU) = MIN( reserved_free(SKU's CRG) , quota_available(SKU's family pool) )
... B27: • Per-AZ CRGs (CAP-023 crg-…-az1/az2/az3). Phase 1 CRG scope = regional; quota has no zone dimension.
